ipa,x_utm30,y_utm30,nombre_punto,municipio,provincia,masa_agua,red,lon_x,lat_x,lat_y,lon_y,soil_cec_0_5cm,soil_cec_15_30cm,soil_cec_5_15cm,soil_clay_0_5cm,soil_clay_15_30cm,soil_clay_5_15cm,soil_phh2o_0_5cm,soil_phh2o_15_30cm,soil_phh2o_5_15cm,soil_sand_0_5cm,soil_sand_15_30cm,soil_sand_5_15cm,soil_silt_0_5cm,soil_silt_15_30cm,soil_silt_5_15cm,soil_soc_0_5cm,soil_soc_15_30cm,soil_soc_5_15cm,soil_wv0033_0_5cm,soil_wv0033_15_30cm,soil_wv0033_5_15cm,soil_wv1500_0_5cm,soil_wv1500_15_30cm,soil_wv1500_5_15cm,clc2012_codigo,clc2012_nombre,clc2012_agricola,clc2018_codigo,clc2018_nombre,clc2018_agricola,cambio_clc_2012_2018,sigpac_uso,sigpac_uso_nombre,sigpac_superficie_m2,sigpac_pendiente_pct,sigpac_coef_regadio,sigpac_es_agricola,dist_sigpac_m,zona_vulnerable_nitratos,altitud_dem_m,ndvi_2015,ndvi_2016,ndvi_2017,ndvi_2018,ndvi_2019,ndvi_2020,ndvi_2021,ndvi_2022,ndvi_2023,ndvi_2024,ndvi_2025,ndvi_media_periodo,ndvi_min_periodo,ndvi_max_periodo,ndvi_cambio_periodo
211020172,497981,4705042,MANANTIAL DEL CAÑO,HERRAMÉLLURI,Rioja (La),ALUVIAL DEL TIRÓN,RNIT,-3.0245712815334773,42.49773617229687,42.49773617229687,-3.0245712815334773,19.1,15.8,17.5,23.200000000000003,24.900000000000002,25.1,7.7,7.9,7.9,21.700000000000003,21.3,22.0,49.2,47.5,48.400000000000006,27.6,12.100000000000001,12.700000000000001,0.34700000000000003,0.337,0.34,0.18,0.185,0.183,211,Tierras labor secano,True,211,Tierras labor secano,True,False,MT,Monte bajo / Matorral,1005.2488693393032,2.29,0.0,False,0.0,True,575.1920166015625,0.42327496397161724,0.4337286410037697,0.621130108833313,0.5905807018280029,0.5784793496131897,0.5707837343215942,0.6493117809295654,0.6585572361946106,0.674222469329834,0.5859802961349487,0.6375018358230591,0.583959192543955,0.42327496397161724,0.674222469329834,0.21422687185144185
220950053,513179,4709814,MANANTIAL DE OLLONGUI,RODEZNO,Rioja (La),ALUVIAL DEL OJA,RNIT,-2.839501585761097,42.54060232582512,42.54060232582512,-2.839501585761097,22.0,15.700000000000001,16.8,21.3,27.0,23.3,7.7,7.800000000000001,7.800000000000001,21.700000000000003,19.8,21.200000000000003,53.7,48.300000000000004,52.2,28.5,11.4,11.4,0.34900000000000003,0.33,0.342,0.171,0.182,0.183,211,Tierras labor secano,True,211,Tierras labor secano,True,False,MT,Monte bajo / Matorral,354.8166786670934,1.19,0.0,False,0.0,True,501.4400329589844,0.5975763506012082,0.5566633512684394,0.7340297102928162,0.7895739078521729,0.774545431137085,0.7724764943122864,0.7586206793785095,0.7377396821975708,0.7450381517410278,0.7720738649368286,0.705908477306366,0.72220419100221,0.5566633512684394,0.7895739078521729,0.1083321267051578
210980206,510029,4712494,FUENTE DEL ESTRECHO,HARO,Rioja (La),ALUVIAL DEL OJA,RNIT,-2.877816206923574,42.564785112890746,42.564785112890746,-2.877816206923574,20.1,16.3,18.5,20.0,28.900000000000002,23.5,7.7,7.800000000000001,7.800000000000001,26.5,22.200000000000003,24.8,45.300000000000004,38.0,43.1,28.200000000000003,12.0,12.3,0.34500000000000003,0.33,0.34,0.167,0.187,0.179,211,Tierras labor secano,True,211,Tierras labor secano,True,False,TH,Huerta,73436.88493033344,0.39,100.0,True,0.0,True,481.4560241699219,0.5851827465182041,0.5856147565312653,0.5743879675865173,0.7480264902114868,0.7371034026145935,0.7657662034034729,0.7293891906738281,0.7071719765663147,0.6951951384544373,0.6893039345741272,0.7065324783325195,0.6839703895878878,0.5743879675865173,0.7657662034034729,0.12134973181431541
210980114,509312,4713861,MALZAPATO,HARO,Rioja (La),ALUVIAL DEL OJA,RNIT,-2.886529122493577,42.57710495472772,42.57710495472772,-2.886529122493577,22.0,19.1,21.0,18.900000000000002,27.400000000000002,22.3,7.6000000000000005,7.6000000000000005,7.7,31.400000000000002,25.8,29.3,38.6,36.2,38.0,27.6,13.0,12.700000000000001,0.356,0.337,0.34800000000000003,0.161,0.169,0.167,211,Tierras labor secano,True,211,Tierras labor secano,True,False,TA,Tierra arable,8850.174446481493,0.18,0.0,True,0.0,True,463.6600341796875,0.46105272080013565,0.8762579792391376,0.2205173224210739,0.29013609886169434,0.21803581714630127,0.22092722356319427,0.20597277581691742,0.1729559749364853,0.24483776092529297,0.20120637118816376,0.21251334249973297,0.3022193988543754,0.1729559749364853,0.8762579792391376,-0.24853937830040268
210980017,510361,4707537,FUENTE DE LA ROSA,ZARRATÓN,Rioja (La),ALUVIAL DEL OJA,RNIT,-2.8738613390006438,42.520139022965864,42.520139022965864,-2.8738613390006438,19.3,16.0,16.8,20.5,23.8,21.700000000000003,7.800000000000001,7.9,7.9,22.3,20.0,22.400000000000002,54.0,50.5,52.6,24.1,11.0,11.4,0.338,0.324,0.332,0.178,0.187,0.187,211,Tierras labor secano,True,211,Tierras labor secano,True,False,MT,Monte bajo / Matorral,1133.3378436182925,1.3,0.0,False,0.0,True,535.1876831054688,0.507898954437915,0.5525688685539987,0.5559792518615723,0.6837455630302429,0.570530891418457,0.5415583848953247,0.33601608872413635,0.2895805537700653,0.5944510698318481,0.6737828254699707,0.5624954104423523,0.5335098056759894,0.2895805537700653,0.6837455630302429,0.0545964560044373
210980214,507946,4710298,EL NAVAL (CAMINO PERPENDICULAR A CRA CASALARREINA-OLLAURI -N-232,CASALARREINA,Rioja (La),ALUVIAL DEL OJA,RNIT,-2.903224018219865,42.54503266880595,42.54503266880595,-2.903224018219865,20.0,16.6,18.6,21.200000000000003,24.400000000000002,22.5,7.6000000000000005,7.800000000000001,7.800000000000001,22.900000000000002,20.3,22.200000000000003,50.7,47.2,50.5,32.0,12.9,13.0,0.34900000000000003,0.323,0.333,0.193,0.193,0.193,211,Tierras labor secano,True,211,Tierras labor secano,True,False,TA,Tierra arable,8323.814070250124,0.14,100.0,True,0.0,True,506.27203369140625,0.3100668635861041,0.22724325839743476,0.22184589505195618,0.24038062989711761,0.3507588505744934,0.19391819834709167,0.21337954699993134,0.14240793883800507,0.2686789631843567,0.1860719472169876,0.24100157618522644,0.23597760620715497,0.14240793883800507,0.3507588505744934,-0.06906528740087764
211040003,509763,4704680,FUENTE DE CIDAMÓN,CIDAMÓN,Rioja (La),ALUVIAL DEL OJA,RNIT,-2.8811903310232894,42.494417094545355,42.494417094545355,-2.8811903310232894,20.200000000000003,15.100000000000001,16.2,22.5,27.5,23.5,7.4,7.7,7.7,24.6,23.0,24.700000000000003,48.1,42.900000000000006,47.2,28.200000000000003,10.4,12.100000000000001,0.34800000000000003,0.336,0.34,0.162,0.164,0.164,211,Tierras labor secano,True,211,Tierras labor secano,True,False,PR,Pasto arbustivo,5318.851242021235,1.13,0.0,True,0.0,True,581.7440185546875,0.6663210355554069,0.7015969138578676,0.6605861783027649,0.6420838832855225,0.6399673819541931,0.610368549823761,0.6280471086502075,0.576757550239563,0.714102566242218,0.6117045879364014,0.5490398406982422,0.636415963322377,0.5490398406982422,0.714102566242218,-0.1172811948571647
211040524,511803,4705137,POZO SOMBRÍO,CIDAMÓN,Rioja (La),ALUVIAL DEL OJA,RNIT,-2.856355443600365,42.498504347630195,42.498504347630195,-2.856355443600365,20.200000000000003,14.8,16.5,25.6,26.700000000000003,26.3,7.800000000000001,7.800000000000001,7.800000000000001,21.200000000000003,18.6,21.6,49.300000000000004,47.0,48.5,23.6,10.4,12.100000000000001,0.333,0.312,0.322,0.187,0.187,0.187,211,Tierras labor secano,True,211,Tierras labor secano,True,False,TA,Tierra arable,7676.934046513939,0.34,100.0,True,0.0,True,575.556884765625,0.30117997479665476,0.26193582526663445,0.3212180733680725,0.4714355766773224,0.35308030247688293,0.7358331680297852,0.3620682954788208,0.15209828317165375,0.3670322000980377,0.2630070149898529,0.1980617791414261,0.3442682266813767,0.15209828317165375,0.7358331680297852,-0.10311819565522867
210980012,506025,4707245,MANANTIAL PISCIFACTORIA,CASTAÑARES DE RIOJA,Rioja (La),ALUVIAL DEL OJA,RNIT,-2.926652431349929,42.51755526112446,42.51755526112446,-2.926652431349929,20.8,15.9,16.5,18.900000000000002,23.0,21.400000000000002,7.1000000000000005,7.5,7.4,22.700000000000003,20.900000000000002,22.3,54.7,50.0,52.6,38.0,10.5,13.4,0.343,0.333,0.339,0.157,0.162,0.161,211,Tierras labor secano,True,211,Tierras labor secano,True,False,AG,Agua,3335.7290088981067,0.5,,False,0.0,False,530.6890258789062,0.711187539434128,0.7550503396012143,0.650301456451416,0.7029703259468079,0.6475771069526672,0.636570394039154,0.6002181768417358,0.6208142638206482,0.732672929763794,0.7874494194984436,0.7645792961120605,0.691762840769279,0.6002181768417358,0.7874494194984436,0.0533917566779325
210980020,506831,4710473,FUENTE DEL POBE,CASALARREINA,Rioja (La),ALUVIAL DEL OJA,RNIT,-2.9168017266580355,42.54661934709923,42.54661934709923,-2.9168017266580355,20.900000000000002,16.8,17.2,22.700000000000003,30.5,26.8,7.4,7.6000000000000005,7.6000000000000005,25.900000000000002,21.400000000000002,24.400000000000002,43.400000000000006,40.2,42.2,28.8,11.200000000000001,12.3,0.34600000000000003,0.324,0.333,0.182,0.187,0.187,112,Tejido urbano discontinuo,False,112,Tejido urbano discontinuo,False,False,FO,Forestal,72267.21588526189,0.43,0.0,False,0.0,True,497.0989990234375,0.4859958721340321,0.5476638414243875,0.8068019151687622,0.7758015990257263,0.7786906361579895,0.7656192183494568,0.811215877532959,0.8485109806060791,0.8075318336486816,0.7718386650085449,0.7839561104774475,0.7439660499576424,0.4859958721340321,0.8485109806060791,0.2979602383434154
211030763,504382,4701022,"Talleres Janda, S.L. POZO 2",BAÑARES,Rioja (La),ALUVIAL DEL OJA,RNIT,-2.946701691271199,42.46152264878249,42.46152264878249,-2.946701691271199,19.400000000000002,15.4,16.2,23.8,26.5,23.8,7.9,7.9,8.0,22.1,20.400000000000002,22.400000000000002,48.6,47.0,48.7,26.6,11.200000000000001,12.700000000000001,0.34,0.332,0.334,0.176,0.187,0.187,211,Tierras labor secano,True,211,Tierras labor secano,True,False,IM,Improductivo,23986.31923743587,0.2,,False,0.0,False,610.9520263671875,0.31831459996718237,0.22606599996204724,0.26923078298568726,0.3066257834434509,0.29419612884521484,0.2931034564971924,0.322053462266922,0.2845921516418457,0.2765321433544159,0.2837958037853241,0.3167553246021271,0.29011505794103726,0.22606599996204724,0.322053462266922,-0.0015592753650552904
211040587,507436,4700831,CAMINO DE BAÑARES,BAÑARES,Rioja (La),ALUVIAL DEL OJA,RNIT,-2.909558370814552,42.45977922466297,42.45977922466297,-2.909558370814552,18.400000000000002,15.200000000000001,16.400000000000002,31.0,31.700000000000003,31.3,8.0,8.1,8.200000000000001,23.6,23.1,23.6,44.7,44.0,44.0,23.200000000000003,10.8,13.5,0.355,0.34,0.343,0.188,0.188,0.188,211,Tierras labor secano,True,211,Tierras labor secano,True,False,CA,Viales,7366.778210459292,0.24,,False,0.0,True,607.009033203125,0.23193359095463015,0.239820323477533,0.3022332489490509,0.2906944751739502,0.27630946040153503,0.2771338224411011,0.3356727659702301,0.22990202903747559,0.22017696499824524,0.24100491404533386,0.21786344051361084,0.26024954872388145,0.21786344051361084,0.3356727659702301,-0.014070150441019308
210960027,496442,4705822,LA FUENTITA,LEIVA,Rioja (La),ALUVIAL DEL TIRÓN,RNIT,-3.043305794074483,42.50475520912932,42.50475520912932,-3.043305794074483,19.1,15.5,17.6,22.0,25.200000000000003,23.400000000000002,7.800000000000001,7.9,8.0,21.700000000000003,21.3,21.700000000000003,49.7,48.0,49.5,25.6,12.0,12.3,0.34400000000000003,0.332,0.34,0.178,0.189,0.188,112,Tejido urbano discontinuo,False,112,Tejido urbano discontinuo,False,False,ZU,Zona urbana,199469.73133932488,0.49,,False,0.0,True,580.7160034179688,0.32083361108249453,0.33480681626455194,0.5957130193710327,0.643552303314209,0.6255315542221069,0.6176461577415466,0.5735172629356384,0.4823334813117981,0.5159026980400085,0.6231883764266968,0.5996360182762146,0.5393328453623908,0.32083361108249453,0.643552303314209,0.27880240719372007
211020002,492766,4704119,MANANTIAL TORMANTOS,TORMANTOS,Rioja (La),ALUVIAL DEL TIRÓN,RNIT,-3.088026260368538,42.489392566396134,42.489392566396134,-3.088026260368538,0.0,0.0,0.0,0.0,0.0,0.0,,,,0.0,0.0,0.0,0.0,0.0,0.0,0.0,0.0,0.0,0.0,0.0,0.0,0.0,0.0,0.0,211,Tierras labor secano,True,211,Tierras labor secano,True,False,CA,Viales,208.23028112285357,2.69,,False,0.0,True,616.5142211914062,0.0,0.0,0.0,0.0,0.0,0.0,0.0,0.0,0.0,0.0,0.0,0.0,0.0,0.0,0.0
221060002,522216,4695059,CARRETERA NÁJERA-TRICIO,NÁJERA,Rioja (La),ALUVIAL DEL NAJERILLA-EBRO,RNIT,-2.7300185754844732,42.40751445876387,42.40751445876387,-2.7300185754844732,23.5,17.400000000000002,20.3,20.900000000000002,27.8,24.0,7.800000000000001,7.9,7.9,23.400000000000002,21.900000000000002,22.900000000000002,41.300000000000004,38.900000000000006,39.7,16.8,10.3,10.200000000000001,0.34600000000000003,0.329,0.339,0.161,0.162,0.161,212,Terrenos regados,True,212,Terrenos regados,True,False,TA,Tierra arable,1405.8035614098,3.79,0.0,True,0.0,False,507.4730224609375,0.4846426847433539,0.5812821293327486,0.42738619446754456,0.4171184301376343,0.4258039593696594,0.44238409399986267,0.4498903155326843,0.4543495774269104,0.460014671087265,0.44269469380378723,0.4949755370616913,0.46186748063301286,0.4171184301376343,0.5812821293327486,0.01033285231833736
221060091,524197,4694062,MANANTIAL DE RIVAS CAIDAS,TRICIO,Rioja (La),ALUVIAL DEL NAJERILLA-EBRO,RNIT,-2.7059865620736723,42.39847633992225,42.39847633992225,-2.7059865620736723,21.0,15.700000000000001,17.5,25.0,29.1,28.1,7.800000000000001,8.0,8.0,21.400000000000002,20.400000000000002,21.3,46.5,41.900000000000006,43.400000000000006,23.6,12.200000000000001,11.4,0.353,0.326,0.342,0.181,0.187,0.187,212,Terrenos regados,True,212,Terrenos regados,True,False,FO,Forestal,8557.011664482998,1.25,0.0,False,0.0,False,560.1270141601562,0.6071254682001594,0.5590994850023452,0.7761620283126831,0.8150684833526611,0.6889304518699646,0.7965734601020813,0.7999378442764282,0.7960264682769775,0.8274208903312683,0.604938268661499,0.7900139093399048,0.7328451597932703,0.5590994850023452,0.8274208903312683,0.18288844113974534
221120045,519982,4686733,BAJADA AL RÍO DESDE EL CASCO URBANO,BAÑOS DE RÍO TOBÍA,Rioja (La),ALUVIAL DEL NAJERILLA-EBRO,RNIT,-2.75745581408348,42.33259119313079,42.33259119313079,-2.75745581408348,21.5,15.0,16.5,22.1,27.0,22.1,7.800000000000001,7.9,8.0,23.8,21.900000000000002,23.900000000000002,48.400000000000006,44.900000000000006,47.7,22.400000000000002,12.0,11.600000000000001,0.35000000000000003,0.331,0.335,0.155,0.156,0.158,242,Mosaico cultivos,True,242,Mosaico cultivos,True,False,MT,Monte bajo / Matorral,632.066906270657,4.91,0.0,False,0.0,False,557.7040405273438,0.6113015192492243,0.6489201491316633,0.8374188542366028,0.7864193916320801,0.7828876972198486,0.8028614521026611,0.8717151880264282,0.8779833316802979,0.8812310695648193,0.8775187730789185,0.8863579630851746,0.805874126273429,0.6113015192492243,0.8863579630851746,0.2750564438359503
221020087,520122,4703452,FUENTE POZUELOS,SAN ASENSIO,Rioja (La),SIN DEFINIR MASA,RNIT,-2.7551716733643294,42.483157945003434,42.483157945003434,-2.7551716733643294,19.900000000000002,15.600000000000001,18.2,23.6,27.900000000000002,24.6,7.800000000000001,8.1,8.1,24.1,20.8,24.0,43.6,35.6,43.6,21.6,11.4,10.200000000000001,0.335,0.323,0.325,0.162,0.163,0.162,221,Vinedos,True,221,Vinedos,True,False,VI,Vinedo,1184.6965047531785,0.91,0.0,True,0.0,False,570.6119995117188,0.17749926864264728,0.2159560107987931,0.17484275996685028,0.3104006350040436,0.28663575649261475,0.3929121792316437,0.33198216557502747,0.3669627010822296,0.36253422498703003,0.357774943113327,0.37454357743263245,0.3047312929388035,0.17484275996685028,0.3929121792316437,0.19704430878998516
221020024,524272,4703698,FUENTEFRÍA,CENICERO,Rioja (La),ALUVIAL DEL NAJERILLA-EBRO,RNIT,-2.7046679845496135,42.485254386674384,42.485254386674384,-2.7046679845496135,21.5,15.8,17.3,25.200000000000003,25.8,25.200000000000003,7.0,7.2,7.2,26.400000000000002,25.5,27.8,39.6,39.900000000000006,40.1,28.5,12.200000000000001,12.4,0.34900000000000003,0.338,0.343,0.154,0.154,0.154,311,Bosque frondosas,False,311,Bosque frondosas,False,False,FO,Forestal,1369.96407057589,1.21,0.0,False,0.0,True,443.676025390625,0.7898528339468158,0.8439650331005608,0.8831037878990173,0.8517690896987915,0.8807500600814819,0.8708665370941162,0.8787878751754761,0.8743496537208557,0.8944306373596191,0.8944206237792969,0.552666962146759,0.8377239176366174,0.552666962146759,0.8944306373596191,-0.2371858718000568
221030031,527852,4703429,FUENTE CARRETERA NAJERA-CENICERO,CENICERO,Rioja (La),SIN DEFINIR MASA,RNIT,-2.6611217399980944,42.48271132080834,42.48271132080834,-2.6611217399980944,20.200000000000003,15.8,17.8,26.400000000000002,28.6,27.0,8.0,8.1,8.200000000000001,21.0,19.900000000000002,21.1,46.6,42.7,45.5,21.200000000000003,9.9,10.0,0.361,0.35000000000000003,0.35100000000000003,0.17500000000000002,0.189,0.189,221,Vinedos,True,221,Vinedos,True,False,MT,Monte bajo / Matorral,2207.1217785626523,1.71,0.0,False,0.0,False,479.4120178222656,0.45311381195461886,0.4907997276250028,0.6370799541473389,0.5017421841621399,0.5447238087654114,0.5700147151947021,0.6558076739311218,0.602840781211853,0.7209792137145996,0.6953426599502563,0.7554477453231812,0.6025356614527478,0.45311381195461886,0.7554477453231812,0.3023339333685623
221040043,536856,4697980,BODEGAS CORRAL,NAVARRETE,Rioja (La),ALUVIAL DEL NAJERILLA-EBRO,RNIT,-2.551921968548726,42.43326316274595,42.43326316274595,-2.551921968548726,22.0,16.6,19.1,24.700000000000003,25.700000000000003,23.8,7.7,8.0,8.0,24.0,22.8,24.5,49.0,47.0,49.0,19.0,10.9,11.0,0.34900000000000003,0.33,0.339,0.162,0.167,0.167,242,Mosaico cultivos,True,242,Mosaico cultivos,True,False,ZU,Zona urbana,24398.31889342541,0.23,,False,0.0,True,472.3800354003906,0.19048438608236629,0.1884926782611039,0.1822819858789444,0.14844444394111633,0.17308981716632843,0.1626155525445938,0.16780008375644684,0.17439652979373932,0.15665894746780396,0.17707794904708862,0.1633603572845459,0.17133661192946162,0.14844444394111633,0.19048438608236629,-0.027124028797820388
221080061,538113,4695352,FUENTE NAVARRETE. FUENTE DEL PRADO,NAVARRETE,Rioja (La),SIN DEFINIR MASA,RNIT,-2.5368146601699086,42.40953540715909,42.40953540715909,-2.5368146601699086,20.5,15.200000000000001,17.2,21.0,23.5,21.0,7.9,8.0,8.0,26.900000000000002,24.400000000000002,27.0,47.0,45.6,47.5,19.900000000000002,10.600000000000001,10.3,0.35000000000000003,0.338,0.34400000000000003,0.154,0.154,0.154,221,Vinedos,True,221,Vinedos,True,False,MT,Monte bajo / Matorral,1590.4405489337184,0.61,0.0,False,0.0,False,498.3445739746094,0.3378003461616779,0.2837374183818068,0.33162763714790344,0.44337138533592224,0.4181061387062073,0.4678284525871277,0.46600985527038574,0.39065420627593994,0.5415282249450684,0.565947413444519,0.509950578212738,0.4324146960426633,0.2837374183818068,0.565947413444519,0.17215023205106011
231050145,545213,4694131,Mogrones (PO: 17; PA: 104 ),ALBERITE,Rioja (La),ALUVIAL DE LA RIOJA-MENDAVIA,RNIT,-2.4506282182385846,42.39815846024035,42.39815846024035,-2.4506282182385846,18.6,16.400000000000002,17.2,23.6,24.8,24.5,7.6000000000000005,7.7,7.7,25.6,25.200000000000003,26.700000000000003,47.900000000000006,45.0,47.0,29.900000000000002,12.4,12.9,0.339,0.318,0.329,0.159,0.158,0.157,242,Mosaico cultivos,True,242,Mosaico cultivos,True,False,TA,Tierra arable,758.2287939020938,0.26,100.0,True,0.0,False,453.52001953125,0.6470217892730613,0.6754712474372501,0.653718113899231,0.599884033203125,0.6984830498695374,0.7606683969497681,0.6664907932281494,0.6998201012611389,0.6908414363861084,0.754406213760376,0.7114267945289612,0.687111997254246,0.599884033203125,0.7606683969497681,0.06440500525589987
231060003,547152,4694126,FUENTE DE LA DEHESA (Po. 13; Pa. 202),ALBERITE,Rioja (La),SIN DEFINIR MASA,RNIT,-2.427069447301891,42.39799811322175,42.39799811322175,-2.427069447301891,21.5,16.2,18.400000000000002,26.5,28.200000000000003,26.6,7.9,8.0,8.1,26.200000000000003,25.0,26.400000000000002,43.900000000000006,41.0,43.2,19.1,10.8,11.600000000000001,0.333,0.324,0.324,0.165,0.161,0.165,242,Mosaico cultivos,True,242,Mosaico cultivos,True,False,IM,Improductivo,96.66089739338861,0.81,,False,0.0,True,504.2480163574219,0.5849249006819486,0.4935835029648642,0.4379298985004425,0.4196261465549469,0.3908117413520813,0.4333969056606293,0.38569122552871704,0.339712917804718,0.3856619596481323,0.40311098098754883,0.3622947931289673,0.42152227025572697,0.339712917804718,0.5849249006819486,-0.2226301075529813
231010130,542154,4703974,INDUKIT,LOGROÑO,Rioja (La),ALUVIAL DE LA RIOJA-MENDAVIA,RNIT,-2.487073312993152,42.4869727570159,42.4869727570159,-2.487073312993152,20.3,16.0,16.6,23.1,23.900000000000002,25.5,7.800000000000001,8.0,8.0,23.900000000000002,22.700000000000003,23.0,45.300000000000004,43.800000000000004,44.1,18.6,11.5,11.700000000000001,0.358,0.34600000000000003,0.35000000000000003,0.176,0.185,0.176,242,Mosaico cultivos,True,242,Mosaico cultivos,True,False,IM,Improductivo,17307.69843418291,0.24,,False,0.0,True,377.3572998046875,0.348531011185779,0.32057887659597123,0.29172107577323914,0.4323328137397766,0.3941710591316223,0.30001890659332275,0.3743961453437805,0.23538541793823242,0.3081781566143036,0.311661034822464,0.3144911825656891,0.3301332436640164,0.23538541793823242,0.4323328137397766,-0.03403982862008992
231020159,550879,4701051,PASADA DEL ESPINAL,LOGROÑO,Rioja (La),ALUVIAL DE LA RIOJA-MENDAVIA,RNIT,-2.3811730639845217,42.46012571289091,42.46012571289091,-2.3811730639845217,20.400000000000002,14.600000000000001,16.3,23.700000000000003,25.1,24.5,7.800000000000001,8.0,8.0,21.6,20.900000000000002,21.6,51.0,48.1,49.5,18.900000000000002,10.200000000000001,11.8,0.354,0.332,0.34500000000000003,0.165,0.185,0.184,242,Mosaico cultivos,True,242,Mosaico cultivos,True,False,CA,Viales,2020.6837001470403,0.56,,False,0.0,True,365.343017578125,0.5832052325406154,0.6215020379611511,0.5058083534240723,0.42206883430480957,0.3767634630203247,0.37785911560058594,0.42352941632270813,0.3228454291820526,0.5537369847297668,0.45079055428504944,0.39399972558021545,0.4574644679046683,0.3228454291820526,0.6215020379611511,-0.18920550696039995
231030091,553380,4700080,LA TEJERA,LOGROÑO,Rioja (La),ALUVIAL DE LA RIOJA-MENDAVIA,RNIT,-2.3508462786992776,42.45121323934095,42.45121323934095,-2.3508462786992776,19.400000000000002,15.4,17.2,22.400000000000002,24.8,23.3,8.0,8.0,8.0,21.6,21.0,21.6,51.2,48.0,51.2,18.7,10.700000000000001,12.3,0.332,0.318,0.325,0.17,0.185,0.185,212,Terrenos regados,True,212,Terrenos regados,True,False,CA,Viales,12120.305583253885,1.02,,False,0.0,False,356.8632507324219,0.345775327958681,0.2314044616476169,0.2088397741317749,0.21503983438014984,0.18207986652851105,0.2112520933151245,0.2732732594013214,0.1637735813856125,0.4913504123687744,0.4089173972606659,0.23472774028778076,0.2696757953332739,0.1637735813856125,0.4913504123687744,-0.11104758767090023
220950084,512304,4713120,Pozo Mazo 2,HARO,Rioja (La),ALUVIAL DEL OJA,RNIT,-2.8500863567929398,42.57038980189249,42.57038980189249,-2.8500863567929398,0.0,0.0,0.0,0.0,0.0,0.0,,,,0.0,0.0,0.0,0.0,0.0,0.0,0.0,0.0,0.0,0.0,0.0,0.0,0.0,0.0,0.0,112,Tejido urbano discontinuo,False,112,Tejido urbano discontinuo,False,False,ZU,Zona urbana,3169966.949362416,0.85,,False,0.0,True,470.14300537109375,0.2651004449238236,0.2590099078620881,0.12762516736984253,0.1510004848241806,0.1334318071603775,0.1961013525724411,0.12375162541866302,0.12067677080631256,0.1407468169927597,0.1625201404094696,0.1378563642501831,0.16525644387183103,0.12067677080631256,0.2651004449238236,-0.12724408067364051
221020012,523646,4700013,FUENTE EDESA,TORREMONTALBO,Rioja (La),ALUVIAL DEL NAJERILLA-EBRO,RNIT,-2.7124367495827593,42.4520873303707,42.4520873303707,-2.7124367495827593,22.0,15.8,17.8,23.900000000000002,25.8,23.900000000000002,7.800000000000001,7.9,7.9,25.0,23.200000000000003,25.0,45.2,44.400000000000006,45.900000000000006,19.900000000000002,10.700000000000001,11.0,0.336,0.324,0.332,0.158,0.154,0.154,221,Vinedos,True,221,Vinedos,True,False,IM,Improductivo,7308.25177686442,0.61,,False,0.0,False,474.62774658203125,0.7122185859065449,0.6931020169108909,0.4626345932483673,0.6042677760124207,0.6051679849624634,0.5906398892402649,0.5202925801277161,0.5585912466049194,0.5681269764900208,0.6194851994514465,0.5536500215530396,0.5898342609552812,0.4626345932483673,0.7122185859065449,-0.1585685643535053
221040004,536374,4703623,FUENTE TUNEL,FUENMAYOR,Rioja (La),ALUVIAL DEL NAJERILLA-EBRO,RNIT,-2.5574239961875946,42.48410494753875,42.48410494753875,-2.5574239961875946,19.8,15.8,17.0,27.1,27.8,28.0,7.9,8.1,8.1,24.5,23.900000000000002,24.1,42.400000000000006,40.1,42.5,21.6,10.8,11.3,0.34700000000000003,0.343,0.34,0.167,0.163,0.162,221,Vinedos,True,221,Vinedos,True,False,CA,Viales,85574.61935691511,4.68,,False,0.0,True,407.08001708984375,0.3878316114815556,0.3306364487551917,0.21888306736946106,0.3387160003185272,0.27416321635246277,0.2537492513656616,0.3447880744934082,0.21605323255062103,0.264913409948349,0.2743105888366699,0.2267524152994156,0.28461793788830214,0.21605323255062103,0.3878316114815556,-0.16107919618214
231070139,557208,4691574,La Senda (PO: 16; PA: 214),MURILLO DE RÍO LEZA,Rioja (La),ALUVIAL DE LA RIOJA-MENDAVIA,RNIT,-2.305143313471492,42.37434062331717,42.37434062331717,-2.305143313471492,18.400000000000002,16.5,16.400000000000002,26.6,28.0,27.3,7.9,8.0,8.0,23.8,23.6,24.200000000000003,45.300000000000004,43.400000000000006,44.2,18.8,10.200000000000001,12.600000000000001,0.35100000000000003,0.329,0.336,0.165,0.168,0.168,242,Mosaico cultivos,True,242,Mosaico cultivos,True,False,FY,Frutales,2817.7227647437217,1.37,100.0,True,0.0,True,468.884033203125,0.6099887766857992,0.5613749034570623,0.7930052876472473,0.6087888479232788,0.5996877551078796,0.6453149914741516,0.8277114629745483,0.790662407875061,0.5505836606025696,0.5984328985214233,0.6515957713127136,0.657922433052885,0.5505836606025696,0.8277114629745483,0.04160699462691442
231030063,556976,4696787,FUENTE DE MURILLO,MURILLO DE RÍO LEZA,Rioja (La),ALUVIAL DE LA RIOJA-MENDAVIA,RNIT,-2.307444977157672,42.42130272356113,42.42130272356113,-2.307444977157672,18.3,15.4,16.2,26.1,27.5,26.8,7.7,8.0,8.0,22.1,22.1,22.5,48.800000000000004,47.900000000000006,49.400000000000006,16.5,9.9,11.8,0.34900000000000003,0.326,0.34400000000000003,0.155,0.162,0.163,242,Mosaico cultivos,True,242,Mosaico cultivos,True,False,MT,Monte bajo / Matorral,2780.2320498422755,0.98,0.0,False,0.0,True,378.61602783203125,0.6454038815058091,0.6939676438385372,0.7353801131248474,0.7356452345848083,0.737639307975769,0.6931425929069519,0.7416764497756958,0.7655119299888611,0.7993130087852478,0.8214399218559265,0.8377887606620789,0.7460826222731393,0.6454038815058091,0.8377887606620789,0.19238487915626978
231030088,558883,4699753,JARRA EN EL CEMENTERIO,AGONCILLO,Rioja (La),ALUVIAL DE LA RIOJA-MENDAVIA,RNIT,-2.2839627256087653,42.44787000248758,42.44787000248758,-2.2839627256087653,20.8,16.6,17.0,23.900000000000002,23.200000000000003,23.0,7.800000000000001,8.0,8.0,18.1,16.1,18.900000000000002,51.2,52.2,51.800000000000004,16.3,9.8,12.4,0.341,0.328,0.332,0.185,0.185,0.185,211,Tierras labor secano,True,211,Tierras labor secano,True,False,OV,Olivar,109.81194101139556,0.21,100.0,True,0.0,False,343.2840270996094,0.23447930272421452,0.2188679983565825,0.25089284777641296,0.2211858630180359,0.1923743635416031,0.1943296641111374,0.2430761754512787,0.2549392879009247,0.3058933615684509,0.34875601530075073,0.28874844312667847,0.2503221202614609,0.1923743635416031,0.34875601530075073,0.054269140402463945
241160181,578702,4670560,JABALINA (POLIGONO 11 PARCELA 11),QUEL,Rioja (La),DETRÍTICO DE ARNEDO,RNIT,-2.046960413913648,42.18323069317582,42.18323069317582,-2.046960413913648,18.400000000000002,15.200000000000001,17.0,17.2,17.2,15.600000000000001,8.1,8.200000000000001,8.200000000000001,43.2,44.0,44.900000000000006,26.400000000000002,26.8,26.5,21.3,10.0,8.4,0.303,0.305,0.302,0.14,0.137,0.137,221,Vinedos,True,221,Vinedos,True,False,VI,Vinedo,13822.394899085622,0.57,0.0,True,0.0,True,618.9580078125,0.3974732190036989,0.34900217356820734,0.3248983323574066,0.369182288646698,0.32454007863998413,0.3491346836090088,0.34357839822769165,0.3066093921661377,0.29380863904953003,0.3422619104385376,0.35472142696380615,0.3413827766064279,0.29380863904953003,0.3974732190036989,-0.042751792039892766
241160207,576845,4673064,"MORCUERA (Pol. 11, Parc. 1767)",ARNEDO,Rioja (La),DETRÍTICO DE ARNEDO,RNIT,-2.069113920588713,42.20596423783692,42.20596423783692,-2.069113920588713,21.6,20.5,21.200000000000003,14.4,15.700000000000001,14.100000000000001,8.0,8.200000000000001,8.200000000000001,49.0,45.800000000000004,50.2,26.6,26.0,26.6,19.3,10.9,6.5,0.323,0.319,0.315,0.117,0.12,0.101,222,Frutales,True,222,Frutales,True,False,FY,Frutales,1972.0059979048656,0.33,0.0,True,0.0,False,577.0599975585938,0.4229695077055881,0.42537560556816084,0.4230235815048218,0.4054814577102661,0.39049744606018066,0.42961713671684265,0.4030150771141052,0.3819866478443146,0.3617016077041626,0.41589319705963135,0.4264431893825531,0.40781858676096605,0.3617016077041626,0.42961713671684265,0.0034736816769649903
241070075,582773,4690189,"RESA, (Po:32 Pa:146)",CALAHORRA,Rioja (La),ALUVIAL DEL EBRO-ARAGÓN: LODOSA-TUDELA,RNIT,-1.9948651946768687,42.35956690672981,42.35956690672981,-1.9948651946768687,22.200000000000003,17.3,19.3,21.700000000000003,24.6,21.0,7.7,7.7,7.7,22.400000000000002,22.0,22.8,50.5,49.300000000000004,50.900000000000006,38.5,12.200000000000001,14.600000000000001,0.34800000000000003,0.327,0.334,0.15,0.154,0.152,212,Terrenos regados,True,212,Terrenos regados,True,False,IM,Improductivo,213.72540721271628,0.18,,False,0.0,False,300.0559997558594,0.4450342369925685,0.43884650789210566,0.47079795598983765,0.45571500062942505,0.33456772565841675,0.40319523215293884,0.4840677082538605,0.3988122344017029,0.5232962965965271,0.4878758490085602,0.466438889503479,0.4462406942799475,0.33456772565841675,0.5232962965965271,0.021404652510910505
251150038,595528,4675850,CHAMPIÑONERA RINCON DE SOTO,RINCÓN DE SOTO,Rioja (La),ALUVIAL DEL EBRO-ARAGÓN: LODOSA-TUDELA,RNIT,-1.842373738168444,42.22899109672695,42.22899109672695,-1.842373738168444,20.700000000000003,17.400000000000002,19.1,25.0,22.900000000000002,24.3,8.0,8.0,8.1,19.3,19.5,20.5,51.0,51.0,52.800000000000004,15.5,9.0,11.8,0.34800000000000003,0.34,0.34,0.159,0.159,0.157,121,Zonas industriales,False,121,Zonas industriales,False,False,ZU,Zona urbana,732.0803737201605,0.04,,False,0.0,False,285.7840270996094,0.20735162683826308,0.18322451614349383,0.06351020187139511,0.09077490866184235,0.06190760061144829,0.0552125945687294,0.060614075511693954,0.0603804811835289,0.051132213324308395,0.05527891591191292,0.05298289656639099,0.08567000283572793,0.051132213324308395,0.20735162683826308,-0.1543687302718721
241170058,582510,4674369,POZO DE LAS PISCINAS,AUTOL,Rioja (La),DETRÍTICO DE ARNEDO,RNIT,-2.000313623889011,42.21713834040014,42.21713834040014,-2.000313623889011,17.2,15.3,15.8,19.8,20.900000000000002,20.0,7.9,8.1,8.1,25.8,24.3,27.200000000000003,47.900000000000006,43.7,46.5,19.0,11.200000000000001,11.600000000000001,0.354,0.335,0.339,0.153,0.154,0.154,111,Tejido urbano continuo,False,111,Tejido urbano continuo,False,False,AG,Agua,288276.30986614386,0.59,,False,0.0,False,420.7750244140625,0.5041475628298531,0.4992940941291121,0.540095329284668,0.4623440206050873,0.5188583731651306,0.6135371327400208,0.572418749332428,0.5975243449211121,0.6625519394874573,0.6404816508293152,0.6966997385025024,0.5734502668933351,0.4623440206050873,0.6966997385025024,0.19255217567264937
241160069,580774,4674330,"EL RASO, POZO CUEVA",AUTOL,Rioja (La),DETRÍTICO DE ARNEDO,RNIT,-2.0213493171163366,42.216968511682275,42.216968511682275,-2.0213493171163366,18.0,15.600000000000001,16.2,17.8,20.400000000000002,18.5,8.0,8.200000000000001,8.200000000000001,24.8,24.3,25.400000000000002,45.800000000000004,42.7,45.900000000000006,20.900000000000002,10.100000000000001,12.4,0.357,0.356,0.356,0.15,0.15,0.15,242,Mosaico cultivos,True,242,Mosaico cultivos,True,False,MT,Monte bajo / Matorral,618.1587480881457,0.23,100.0,False,0.0,False,441.13201904296875,0.6598333618393726,0.6510756723741842,0.7809747457504272,0.7963843941688538,0.7800308465957642,0.8032473921775818,0.8498889207839966,0.8169257044792175,0.8281028866767883,0.8527887463569641,0.8602260947227478,0.7890435241750816,0.6510756723741842,0.8602260947227478,0.20039273288337522
251160078,602409,4673670,VIEJAMALA,ALFARO,Rioja (La),ALUVIAL DEL EBRO-ARAGÓN: LODOSA-TUDELA,RNIT,-1.7593911418834374,42.208490151922796,42.208490151922796,-1.7593911418834374,20.5,19.200000000000003,19.900000000000002,24.200000000000003,24.5,24.200000000000003,7.7,7.800000000000001,7.800000000000001,18.2,17.900000000000002,18.900000000000002,49.400000000000006,46.7,50.400000000000006,19.1,10.0,13.200000000000001,0.354,0.34600000000000003,0.34700000000000003,0.17400000000000002,0.178,0.18,311,Bosque frondosas,False,324,Matorral boscoso,False,True,MT,Monte bajo / Matorral,789.0058222707919,0.68,100.0,False,0.0,True,269.8621520996094,0.534544591781643,0.5404851901121822,0.29415443539619446,0.41331997513771057,0.3701804280281067,0.287916362285614,0.31413379311561584,0.26242348551750183,0.363852858543396,0.29019394516944885,0.31468167901039124,0.3623533403725277,0.26242348551750183,0.5404851901121822,-0.2198629127712518
231080029,562879,4687823,LOS AGUAZALES,GALILEA,Rioja (La),SIN DEFINIR MASA,RNIT,-2.2366771304980637,42.340123597356694,42.340123597356694,-2.2366771304980637,20.6,16.2,16.8,23.3,26.5,23.200000000000003,8.0,8.1,8.200000000000001,28.400000000000002,27.3,28.700000000000003,42.7,39.0,43.1,20.900000000000002,10.8,11.4,0.364,0.339,0.355,0.157,0.156,0.156,221,Vinedos,True,221,Vinedos,True,False,FS,Frutos secos,624.0147323554993,0.37,0.0,True,0.0,True,579.3680419921875,0.5672089948869556,0.5369759917893404,0.5673156976699829,0.5536540150642395,0.46262624859809875,0.5534709692001343,0.6143664121627808,0.5076441168785095,0.5808109641075134,0.5397148728370667,0.5470091104507446,0.5482543085132151,0.46262624859809875,0.6143664121627808,-0.020199884436211013
251160035,606297,4673672,ITGA CADREITA FINCA EXPERIMENTAL,ALFARO,Rioja (La),ALUVIAL DEL EBRO-ARAGÓN: LODOSA-TUDELA,RNIT,-1.7123018629242264,42.207989151923556,42.207989151923556,-1.7123018629242264,20.6,17.0,19.3,26.0,26.400000000000002,26.3,8.0,8.1,8.1,18.400000000000002,18.0,18.400000000000002,47.0,45.900000000000006,47.2,18.6,10.4,12.4,0.35000000000000003,0.343,0.34600000000000003,0.18,0.181,0.181,211,Tierras labor secano,True,211,Tierras labor secano,True,False,TA,Tierra arable,8744.733556695839,0.1,100.0,True,0.0,False,267.6523742675781,0.16257132957955067,0.15010917030567683,0.2583400309085846,0.2282925397157669,0.1733991503715515,0.15758836269378662,0.1976609230041504,0.18416763842105865,0.20976683497428894,0.22690992057323456,0.21294580399990082,0.19652288223159553,0.15010917030567683,0.2583400309085846,0.050374474420350146
241060011,579079,4690031,CANTARROYUELA DE PRADEJON (PO: 1 PA: 26),PRADEJÓN,Rioja (La),ALUVIAL DEL EBRO-ARAGÓN: LODOSA-TUDELA,RNIT,-2.039737837301822,42.358528588968525,42.358528588968525,-2.039737837301822,21.900000000000002,17.0,19.200000000000003,20.6,21.5,21.0,7.9,8.0,8.0,21.200000000000003,20.900000000000002,21.1,55.7,53.900000000000006,55.5,21.0,12.0,12.4,0.34700000000000003,0.335,0.338,0.154,0.154,0.154,131,,False,131,,False,False,AG,Agua,19759.635039953308,3.11,,False,0.0,False,324.7400207519531,0.3766847184331609,0.28101263454700237,0.33446046710014343,0.3246217370033264,0.2991635501384735,0.32464319467544556,0.29132387042045593,0.2341678887605667,0.2680109441280365,0.3022196888923645,0.29383885860443115,0.3027406866094006,0.2341678887605667,0.3766847184331609,-0.08284585982872977
241130002,586041,4686559,ABASTECIMIENTO A CALAHORRA-SOTO MANZANILLO-CASA,CALAHORRA,Rioja (La),ALUVIAL DEL EBRO-ARAGÓN: LODOSA-TUDELA,RNIT,-1.9557283884615784,42.32652537284356,42.32652537284356,-1.9557283884615784,22.1,16.8,18.5,19.0,21.900000000000002,19.6,7.9,8.0,8.0,22.8,22.5,23.6,54.6,53.300000000000004,54.6,18.0,11.100000000000001,11.8,0.34900000000000003,0.34700000000000003,0.342,0.149,0.154,0.154,212,Terrenos regados,True,212,Terrenos regados,True,False,ZU,Zona urbana,218.45667851150506,0.14,,False,0.0,False,294.71600341796875,0.4730292224858291,0.39815009946817415,0.058401305228471756,0.07159450650215149,0.07195644080638885,0.07329248636960983,0.068610280752182,0.0717865526676178,0.06609711050987244,0.07631609588861465,0.07601475715637207,0.1368408052577531,0.058401305228471756,0.4730292224858291,-0.39701446532945706
251160072,602964,4672988,Jarra en finca del Camino de la Nava (PO: 2; PA: 9514),ALFARO,Rioja (La),ALUVIAL DEL EBRO-ARAGÓN: LODOSA-TUDELA,RNIT,-1.7527900785076242,42.202276378972954,42.202276378972954,-1.7527900785076242,22.0,17.7,19.3,26.0,25.900000000000002,26.0,7.7,7.800000000000001,7.7,16.3,16.1,17.2,43.0,41.0,45.900000000000006,20.1,11.100000000000001,13.600000000000001,0.355,0.34900000000000003,0.34900000000000003,0.181,0.181,0.183,242,Mosaico cultivos,True,242,Mosaico cultivos,True,False,ZU,Zona urbana,109.3911143556061,0.09,,False,0.0,True,269.4880065917969,0.5988241067907255,0.5882534317257087,0.43624091148376465,0.37831011414527893,0.4840816259384155,0.526592493057251,0.5895676612854004,0.4828495979309082,0.5185587406158447,0.5381170511245728,0.5420385003089905,0.5166758394915327,0.37831011414527893,0.5988241067907255,-0.05678560648173503
241130030,584846,4682976,LA EMRILLA,CALAHORRA,Rioja (La),ALUVIAL DEL EBRO-ARAGÓN: LODOSA-TUDELA,RNIT,-1.9707555287281961,42.29439261221093,42.29439261221093,-1.9707555287281961,20.8,15.8,16.8,21.900000000000002,24.700000000000003,21.0,7.9,8.0,8.1,23.200000000000003,23.1,23.8,49.5,45.900000000000006,50.900000000000006,16.0,10.200000000000001,11.3,0.355,0.34,0.34800000000000003,0.15,0.15,0.15,211,Tierras labor secano,True,211,Tierras labor secano,True,False,IM,Improductivo,4269.227230808761,0.54,,False,0.0,False,332.8480224609375,0.2593220895489718,0.27873952531486784,0.0670103058218956,0.06233818084001541,0.04884399473667145,0.03935052081942558,0.08222045749425888,0.03847397491335869,0.043380703777074814,0.03024125099182129,0.04738154634833336,0.09066386823697224,0.03024125099182129,0.27873952531486784,-0.21194054320063843
231030090,556798,4699105,CAMINO DEL MOLINO,AGONCILLO,Rioja (La),ALUVIAL DE LA RIOJA-MENDAVIA,RNIT,-2.3093793107449856,42.442190133813,42.442190133813,-2.3093793107449856,19.8,16.0,16.6,26.200000000000003,24.400000000000002,25.5,7.6000000000000005,8.0,8.0,20.5,20.400000000000002,20.5,48.0,48.400000000000006,48.2,14.700000000000001,9.700000000000001,11.600000000000001,0.34700000000000003,0.331,0.34,0.168,0.185,0.185,323,Veg esclerofia,False,323,Veg esclerofia,False,False,AG,Agua,186745.88876381752,0.93,,False,0.0,False,364.3393249511719,0.3216823556139838,0.3091188856494979,0.2623702585697174,0.28146249055862427,0.28765633702278137,0.3088034987449646,0.28213420510292053,0.21519143879413605,0.3160068094730377,0.28621599078178406,0.25718799233436584,0.28434820569507396,0.21519143879413605,0.3216823556139838,-0.06449436327961794
231050020,539993,4690809,CELADAS,ENTRENA,Rioja (La),SIN DEFINIR MASA,RNIT,-2.5142834273137113,42.36852778683664,42.36852778683664,-2.5142834273137113,19.400000000000002,14.8,16.400000000000002,24.400000000000002,24.400000000000002,24.200000000000003,8.0,8.0,8.1,27.1,27.5,27.8,44.900000000000006,45.300000000000004,45.300000000000004,20.8,12.4,11.4,0.355,0.327,0.333,0.162,0.162,0.167,211,Tierras labor secano,True,211,Tierras labor secano,True,False,MT,Monte bajo / Matorral,1471.528280230487,0.66,0.0,False,0.0,True,612.3078002929688,0.4920597032738341,0.43577714046451116,0.2691771388053894,0.43163061141967773,0.32057738304138184,0.3470955491065979,0.35318922996520996,0.27659574151039124,0.5397942662239075,0.45089811086654663,0.3451676666736603,0.38745114012282794,0.2691771388053894,0.5397942662239075,-0.1468920366001738
231070081,555633,4693920,FUENTE LA RUEDA,MURILLO DE RÍO LEZA,Rioja (La),ALUVIAL DE LA RIOJA-MENDAVIA,RNIT,-2.324045570376735,42.39558171066405,42.39558171066405,-2.324045570376735,18.2,16.5,17.3,24.0,25.400000000000002,24.900000000000002,7.800000000000001,8.0,8.0,21.400000000000002,20.8,21.3,51.300000000000004,48.7,50.800000000000004,16.3,10.3,11.600000000000001,0.34900000000000003,0.325,0.336,0.161,0.18,0.185,242,Mosaico cultivos,True,242,Mosaico cultivos,True,False,IM,Improductivo,64.1727064138192,2.08,,False,0.0,True,434.6582336425781,0.43608634477102237,0.39808490533170027,0.3241877257823944,0.38632479310035706,0.3280033767223358,0.28062155842781067,0.31147539615631104,0.31114399433135986,0.33111757040023804,0.3498307764530182,0.36792004108428955,0.3477087711418943,0.28062155842781067,0.43608634477102237,-0.06816630368673282
221030030,526671,4705342,FUENTE ESCARPE,CENICERO,Rioja (La),ALUVIAL DEL NAJERILLA-EBRO,RNIT,-2.6754017932807184,42.49998090229199,42.49998090229199,-2.6754017932807184,18.8,15.600000000000001,16.8,26.900000000000002,26.8,28.3,7.800000000000001,8.0,8.0,25.8,23.8,26.200000000000003,40.6,39.5,39.5,21.1,11.0,9.9,0.353,0.33,0.341,0.16,0.158,0.159,221,Vinedos,True,221,Vinedos,True,False,VI,Vinedo,2088.9556730385525,3.01,0.0,True,0.0,True,428.66900634765625,0.6008203266017479,0.5862081061370379,0.49845486879348755,0.6167755126953125,0.45835787057876587,0.6518949270248413,0.5181052088737488,0.6007847189903259,0.7631373405456543,0.7313141226768494,0.8191083073616028,0.6222692100253977,0.45835787057876587,0.8191083073616028,0.2182879807598549
221030044,529778,4703434,C/ RUÍZ DE AZCÁRRAGA 34,CENICERO,Rioja (La),ALUVIAL DEL NAJERILLA-EBRO,RNIT,-2.637688073108475,42.482684668435695,42.482684668435695,-2.637688073108475,0.0,0.0,0.0,0.0,0.0,0.0,,,,0.0,0.0,0.0,0.0,0.0,0.0,0.0,0.0,0.0,0.0,0.0,0.0,0.0,0.0,0.0,111,Tejido urbano continuo,False,111,Tejido urbano continuo,False,False,ZU,Zona urbana,940661.7742562816,1.24,,False,0.0,True,430.72003173828125,0.2754915969652221,0.263721086392918,0.16297857463359833,0.16712871193885803,0.15857359766960144,0.1584821492433548,0.1483410894870758,0.15869981050491333,0.17208564281463623,0.1613491326570511,0.16314320266246796,0.18090859954269975,0.1483410894870758,0.2754915969652221,-0.11234839430275412
231020155,551332,4701878,Sondeos Nitratos Rioja LOGROÑO VAREA,LOGROÑO,Rioja (La),ALUVIAL DE LA RIOJA-MENDAVIA,RNIT,-2.3755896644228804,42.46754330182347,42.46754330182347,-2.3755896644228804,21.900000000000002,16.5,19.0,25.5,26.700000000000003,24.8,6.9,7.0,6.9,19.1,18.1,19.8,49.5,49.0,49.5,32.0,10.0,13.3,0.341,0.322,0.334,0.162,0.183,0.177,242,Mosaico cultivos,True,242,Mosaico cultivos,True,False,FO,Forestal,39843.83029806369,0.72,0.0,False,0.0,False,360.3440246582031,0.8260052368236852,0.8317166978075425,0.7341442108154297,0.6994605660438538,0.7375224232673645,0.6788594722747803,0.6069575548171997,0.5988521575927734,0.6799107193946838,0.7307032346725464,0.7187880873680115,0.7129927600798065,0.5988521575927734,0.8317166978075425,-0.10721714945567373
220950005,513117,4712423,FUENTE JUANILLO,HARO,Rioja (La),ALUVIAL DEL OJA,RNIT,-2.840196710775874,42.564099414230796,42.564099414230796,-2.840196710775874,0.0,0.0,0.0,0.0,0.0,0.0,,,,0.0,0.0,0.0,0.0,0.0,0.0,0.0,0.0,0.0,0.0,0.0,0.0,0.0,0.0,0.0,211,Tierras labor secano,True,211,Tierras labor secano,True,False,ZU,Zona urbana,3169966.949362416,0.85,,False,0.0,True,459.385009765625,0.33872062597979247,0.3486162343807336,0.5402419567108154,0.42797696590423584,0.4827403128147125,0.5147033929824829,0.42477455735206604,0.4218153953552246,0.5088446736335754,0.5185075402259827,0.5143558382987976,0.4582997721489472,0.33872062597979247,0.5402419567108154,0.17563521231900514
241220031,580469,4668555,PRADO - PLANA GRAVALOS,AUTOL,Rioja (La),DETRÍTICO DE ARNEDO,RNIT,-2.0258430819138393,42.164995747798436,42.164995747798436,-2.0258430819138393,19.6,17.0,17.7,19.5,21.5,20.0,7.7,7.800000000000001,7.800000000000001,29.8,29.0,30.3,45.5,42.5,44.2,26.5,10.200000000000001,14.8,0.34,0.35000000000000003,0.34,0.153,0.16,0.158,323,Veg esclerofia,False,323,Veg esclerofia,False,False,MT,Monte bajo / Matorral,6995.398385493427,2.73,0.0,False,0.0,False,716.3920288085938,0.6492809027222264,0.6164961952927185,0.7673765420913696,0.8305667042732239,0.8038370609283447,0.861596941947937,0.5519499182701111,0.7597667574882507,0.8238261342048645,0.8444963097572327,0.8506174087524414,0.7599828068844292,0.5519499182701111,0.861596941947937,0.20133650603021502
241160146,580514,4672705,COSCOJO-TABLAS (YASA HONDA),AUTOL,Rioja (La),DETRÍTICO DE ARNEDO,RNIT,-2.02472415766982,42.20236216922945,42.20236216922945,-2.02472415766982,20.8,17.3,19.5,19.0,21.1,19.0,8.0,8.1,8.200000000000001,29.400000000000002,29.1,30.6,37.4,32.7,35.9,19.6,11.100000000000001,11.3,0.337,0.328,0.332,0.15,0.151,0.15,242,Mosaico cultivos,True,242,Mosaico cultivos,True,False,AG,Agua,96468.7927033703,2.58,,False,0.0,False,481.58001708984375,0.6665808253357827,0.7198156682027651,0.5328396558761597,0.5840455889701843,0.6180081963539124,0.603525698184967,0.6124314665794373,0.6152281165122986,0.647382915019989,0.668516218662262,0.6916201114654541,0.6327267691966557,0.5328396558761597,0.7198156682027651,0.025039286129671434
241160255,578552,4674726,ONTAÑÓN,QUEL,Rioja (La),DETRÍTICO DE ARNEDO,RNIT,-2.048213668948267,42.22076103574621,42.22076103574621,-2.048213668948267,18.8,16.3,17.0,17.6,20.0,16.2,7.9,8.0,8.1,33.2,33.4,34.4,38.0,35.6,38.0,19.0,10.0,11.600000000000001,0.354,0.328,0.334,0.148,0.14300000000000002,0.14300000000000002,222,Frutales,True,222,Frutales,True,False,MT,Monte bajo / Matorral,360.9098718296624,0.33,0.0,False,0.0,True,498.22802734375,0.2876523792021016,0.27449529335148887,0.2467811107635498,0.2347140610218048,0.20797346532344818,0.2268102914094925,0.24349093437194824,0.2170620560646057,0.22572912275791168,0.23211397230625153,0.236001655459404,0.23934766745745517,0.20797346532344818,0.2876523792021016,-0.051650723742697635
241120074,574731,4685464,PELOCAQUI,VILLAR DE ARNEDO (EL),Rioja (La),ALUVIAL DEL EBRO-ARAGÓN: LODOSA-TUDELA,RNIT,-2.093120484180144,42.3178327509466,42.3178327509466,-2.093120484180144,19.3,18.400000000000002,18.8,24.200000000000003,25.700000000000003,23.5,7.800000000000001,8.1,8.1,31.1,27.700000000000003,31.3,39.2,38.5,39.2,19.1,11.4,9.9,0.337,0.324,0.325,0.14,0.14200000000000002,0.14,111,Tejido urbano continuo,False,111,Tejido urbano continuo,False,False,ZU,Zona urbana,305742.55133071623,0.8,,False,0.0,True,417.384033203125,0.2341584257476395,0.20370545911502705,0.21352753043174744,0.19562163949012756,0.16652218997478485,0.1915697604417801,0.21747153997421265,0.18687328696250916,0.19967232644557953,0.18755383789539337,0.19507747888565063,0.19925031594222292,0.16652218997478485,0.2341584257476395,-0.039080946861988874
241050067,569734,4696089,PEÑASCASAS (Po:5),ALCANADRE,Rioja (La),ALUVIAL DE LA RIOJA-MENDAVIA,RNIT,-2.152468483233016,42.41397551052157,42.41397551052157,-2.152468483233016,23.6,16.6,19.3,21.900000000000002,23.6,21.8,7.7,7.9,7.9,18.7,17.1,19.700000000000003,53.800000000000004,52.7,54.2,23.5,10.5,12.3,0.34800000000000003,0.328,0.338,0.185,0.189,0.187,221,Vinedos,True,221,Vinedos,True,False,VI,Vinedo,13271.773301470237,0.04,0.0,True,0.0,False,323.5040283203125,0.3256253875374904,0.3467393102203867,0.3087509572505951,0.3123067319393158,0.2802790105342865,0.29808327555656433,0.13698546588420868,0.14605417847633362,0.15710723400115967,0.17065995931625366,0.27331188321113586,0.2505366721752482,0.13698546588420868,0.3467393102203867,-0.05231350432635451
241140065,588825,4683807,"CASCAJO (Po:10, Pa:163)",CALAHORRA,Rioja (La),ALUVIAL DEL EBRO-ARAGÓN: LODOSA-TUDELA,RNIT,-1.9223678320421425,42.301432108093536,42.301432108093536,-1.9223678320421425,19.0,16.0,16.8,22.200000000000003,24.900000000000002,22.700000000000003,8.0,8.1,8.1,23.700000000000003,23.700000000000003,25.0,50.300000000000004,46.6,50.6,18.400000000000002,11.8,11.8,0.343,0.334,0.336,0.154,0.154,0.154,222,Frutales,True,222,Frutales,True,False,TA,Tierra arable,73639.72777125971,0.23,0.0,True,0.0,False,310.4320068359375,0.4272693009147923,0.3884947505249542,0.5135639309883118,0.5290554165840149,0.44631409645080566,0.4499698281288147,0.4923780858516693,0.25430116057395935,0.1315082609653473,0.2207062542438507,0.08323158323764801,0.3578902425876516,0.08323158323764801,0.5290554165840149,-0.3440377176771443
241180002,592013,4675406,MANANTIAL FUENTE DEL CURA,ALDEANUEVA DE EBRO,Rioja (La),SIN DEFINIR MASA,RNIT,-1.8850315673186917,42.22541500230231,42.22541500230231,-1.8850315673186917,19.400000000000002,17.2,17.7,20.8,26.1,20.6,7.9,8.1,8.200000000000001,26.400000000000002,24.700000000000003,27.1,47.0,41.300000000000004,46.300000000000004,16.0,10.100000000000001,8.700000000000001,0.357,0.328,0.34,0.15,0.152,0.151,221,Vinedos,True,221,Vinedos,True,False,CA,Viales,8577.257528294083,0.94,,False,0.0,True,335.59600830078125,0.5052435795048548,0.3656889030476664,0.5500218272209167,0.6298537850379944,0.4866180121898651,0.43613383173942566,0.27488934993743896,0.4799462556838989,0.4918699562549591,0.5962603688240051,0.4915922284126282,0.4825561907139685,0.27488934993743896,0.6298537850379944,-0.013651351092226593
231020105,546929,4699045,CHALET IREGUA,VILLAMEDIANA DE IREGUA,Rioja (La),ALUVIAL DE LA RIOJA-MENDAVIA,RNIT,-2.429377393870648,42.44230996430285,42.44230996430285,-2.429377393870648,22.3,16.400000000000002,19.0,21.8,22.5,22.200000000000003,7.6000000000000005,7.7,7.7,24.0,22.0,24.400000000000002,49.1,48.900000000000006,50.800000000000004,20.0,10.700000000000001,12.700000000000001,0.354,0.334,0.336,0.163,0.17300000000000001,0.166,212,Terrenos regados,True,212,Terrenos regados,True,False,IM,Improductivo,552.7552410802037,0.81,,False,0.0,False,393.3760070800781,0.45109249839079435,0.3990682043840221,0.32714200019836426,0.40410947799682617,0.3239051103591919,0.3205185532569885,0.3186321556568146,0.2638837993144989,0.4131346046924591,0.4111543595790863,0.3326311409473419,0.36047926407058073,0.2638837993144989,0.45109249839079435,-0.11846135744345243
221020093,524303,4696756,PRANIGUELA,HUÉRCANOS,Rioja (La),ALUVIAL DEL NAJERILLA-EBRO,RNIT,-2.7045847621256467,42.42273492647797,42.42273492647797,-2.7045847621256467,22.5,14.4,16.7,20.400000000000002,25.5,21.0,8.0,8.0,8.0,26.3,24.5,26.6,46.1,39.1,46.1,15.200000000000001,10.0,9.0,0.34700000000000003,0.339,0.342,0.152,0.154,0.153,242,Mosaico cultivos,True,242,Mosaico cultivos,True,False,TA,Tierra arable,1565.5751781914544,0.35,100.0,True,0.0,False,514.280029296875,0.5649475242048847,0.5720645807688853,0.7244678139686584,0.6583966016769409,0.7243760228157043,0.5340774059295654,0.7102149724960327,0.75523442029953,0.7927282452583313,0.7498454451560974,0.8027740716934204,0.6899206458425501,0.5340774059295654,0.8027740716934204,0.2378265474885357
210970033,503817,4711042,LAS GARNOCHAS,TIRGO,Rioja (La),ALUVIAL DEL OJA,RNIT,-2.9535069685365962,42.55176441893071,42.55176441893071,-2.9535069685365962,18.1,15.600000000000001,16.7,26.3,32.300000000000004,29.0,7.6000000000000005,7.7,7.7,27.5,23.5,26.400000000000002,41.300000000000004,36.6,41.6,23.900000000000002,11.9,11.200000000000001,0.34900000000000003,0.333,0.34,0.186,0.193,0.19,221,Vinedos,True,221,Vinedos,True,False,VI,Vinedo,2924.153932360851,0.49,0.0,True,0.0,True,510.3580322265625,0.3850017980975703,0.35763769350172436,0.30690640211105347,0.34447869658470154,0.3071736991405487,0.39235720038414,0.3378932476043701,0.29842472076416016,0.28811442852020264,0.32438090443611145,0.3427884578704834,0.335014295365006,0.28811442852020264,0.39235720038414,-0.04221334022708689
251220026,607687,4666914,TAMBARRÍA. GABINO CASTILLO MILAGRO,ALFARO,Rioja (La),ALUVIAL DEL EBRO-ARAGÓN: LODOSA-TUDELA,RNIT,-1.6967176266720538,42.14694953175388,42.14694953175388,-1.6967176266720538,20.8,18.3,17.400000000000002,26.8,24.8,25.900000000000002,7.9,8.200000000000001,8.200000000000001,27.1,27.1,27.900000000000002,37.7,34.9,39.1,16.3,10.100000000000001,9.5,0.352,0.343,0.34800000000000003,0.157,0.158,0.157,221,Vinedos,True,221,Vinedos,True,False,VI,Vinedo,9129.930492968042,0.06,0.0,True,0.0,False,313.15460205078125,0.17784982465062565,0.2746488524290279,0.21304531395435333,0.2800181210041046,0.27179446816444397,0.35967668890953064,0.25977975130081177,0.2710117697715759,0.30225008726119995,0.3210652470588684,0.36312001943588257,0.2812963767218568,0.17784982465062565,0.36312001943588257,0.18527019478525691
210980248,509300,4707739,FUENTENUEVA,ZARRATÓN,Rioja (La),ALUVIAL DEL OJA,RNIT,-2.8867750364781,42.521971689706,42.521971689706,-2.8867750364781,19.400000000000002,15.600000000000001,16.6,18.2,22.6,19.400000000000002,7.9,8.0,8.0,21.400000000000002,19.0,20.3,55.800000000000004,51.400000000000006,54.7,30.0,12.0,12.3,0.341,0.329,0.334,0.182,0.187,0.187,211,Tierras labor secano,True,211,Tierras labor secano,True,False,TA,Tierra arable,4198.666293941611,1.75,100.0,True,0.0,True,550.0184936523438,0.40110438103578294,0.2698468907062225,0.6176641583442688,0.4566025137901306,0.5111713409423828,0.5636743307113647,0.5706589221954346,0.5962249636650085,0.5783514380455017,0.664706826210022,0.7353398203849792,0.5423041441846453,0.2698468907062225,0.7353398203849792,0.3342354393491963
211040588,509447,4700782,CAMINO DE CARRAMOLINERO,CIDAMÓN,Rioja (La),ALUVIAL DEL OJA,RNIT,-2.8851000868871166,42.459316025582616,42.459316025582616,-2.8851000868871166,18.0,15.200000000000001,16.1,30.5,32.4,31.3,7.800000000000001,8.0,8.0,23.400000000000002,21.200000000000003,23.400000000000002,43.5,40.800000000000004,42.900000000000006,24.400000000000002,11.600000000000001,13.100000000000001,0.357,0.33,0.34,0.187,0.188,0.188,211,Tierras labor secano,True,211,Tierras labor secano,True,False,CA,Viales,5545.006901039674,0.96,,False,0.0,True,631.739013671875,0.34153664902190195,0.6461667899970605,0.2959641218185425,0.4024825394153595,0.33864542841911316,0.4263308048248291,0.41907843947410583,0.272121399641037,0.3844345211982727,0.3298647105693817,0.23797357082366943,0.3722362704730248,0.23797357082366943,0.6461667899970605,-0.10356307819823252
210970015,503931,4710737,CARRETERA SAJAZARGA,TIRGO,Rioja (La),ALUVIAL DEL OJA,RNIT,-2.952120489507344,42.54901707900289,42.54901707900289,-2.952120489507344,18.400000000000002,16.2,16.7,28.0,35.300000000000004,29.0,7.6000000000000005,7.6000000000000005,7.6000000000000005,27.200000000000003,23.0,26.3,40.300000000000004,34.4,40.300000000000004,23.5,11.5,11.3,0.34800000000000003,0.33,0.341,0.183,0.193,0.188,211,Tierras labor secano,True,211,Tierras labor secano,True,False,IM,Improductivo,586.5679767636988,0.16,,False,0.0,True,510.55450439453125,0.2853338512090674,0.28251309109605793,0.21725569665431976,0.24506284296512604,0.28070175647735596,0.296682208776474,0.2633002698421478,0.20773622393608093,0.19437339901924133,0.29893267154693604,0.25456124544143677,0.25695029608765857,0.19437339901924133,0.29893267154693604,-0.030772605767630634
241070099,582617,4689495,"LA DEHESILLA (Po:32, Pa:284a)",CALAHORRA,Rioja (La),ALUVIAL DEL EBRO-ARAGÓN: LODOSA-TUDELA,RNIT,-1.9968586673817708,42.353334219188305,42.353334219188305,-1.9968586673817708,21.0,16.400000000000002,18.5,21.900000000000002,23.900000000000002,21.900000000000002,7.9,8.0,8.0,20.200000000000003,20.200000000000003,20.200000000000003,53.5,50.6,53.300000000000004,15.8,11.0,11.100000000000001,0.34800000000000003,0.334,0.334,0.154,0.154,0.154,212,Terrenos regados,True,212,Terrenos regados,True,False,IM,Improductivo,61.617096548475374,0.2,,False,0.0,False,300.4480285644531,0.33140351533083734,0.5321299595461352,0.393159419298172,0.3219867944717407,0.29103514552116394,0.31309565901756287,0.36774319410324097,0.30835285782814026,0.3126614987850189,0.33930569887161255,0.36294037103652954,0.3521649194372868,0.29103514552116394,0.5321299595461352,0.0315368557056922
241150028,569029,4673751,POZO RIO CIDACOS,HERCE,Rioja (La),DETRÍTICO DE ARNEDO,RNIT,-2.1637035630582533,42.2128801641593,42.2128801641593,-2.1637035630582533,17.0,15.8,16.0,22.0,24.900000000000002,23.400000000000002,7.9,8.200000000000001,8.200000000000001,34.2,31.0,33.4,31.900000000000002,29.3,31.200000000000003,19.8,10.8,11.200000000000001,0.34,0.328,0.328,0.14300000000000002,0.149,0.147,212,Terrenos regados,True,212,Terrenos regados,True,False,MT,Monte bajo / Matorral,6420.894363434663,1.72,0.0,False,0.0,False,574.14404296875,0.3746117103723152,0.3259818829915956,0.2963075637817383,0.2540620267391205,0.24339894950389862,0.2709069550037384,0.25773194432258606,0.23101593554019928,0.2722465693950653,0.2731817066669464,0.3271271586418152,0.2842338548144563,0.23101593554019928,0.3746117103723152,-0.047484551730500035
241150187,571579,4672893,MERENDERO ENFRENTE DEL MONASTERIO,ARNEDO,Rioja (La),DETRÍTICO DE ARNEDO,RNIT,-2.1329189889107134,42.204924233601425,42.204924233601425,-2.1329189889107134,18.2,14.8,16.5,20.900000000000002,20.3,18.5,7.800000000000001,8.0,8.0,33.2,33.300000000000004,34.300000000000004,34.0,31.8,34.800000000000004,21.3,10.0,12.3,0.328,0.325,0.327,0.146,0.15,0.149,312,Bosque coniferas,False,312,Bosque coniferas,False,False,OV,Olivar,272.8628314447242,1.78,0.0,True,0.0,False,613.33203125,0.48182524469620047,0.4851742137758034,0.5541284680366516,0.44107505679130554,0.4767533540725708,0.482876718044281,0.5520467758178711,0.5989949703216553,0.5922961831092834,0.49447569251060486,0.5540282726287842,0.5194249954368192,0.44107505679130554,0.5989949703216553,0.07220302793258371
241160189,576001,4674538,"Pol. 011, Parc. 02299 VALLALOPE",ARNEDO,Rioja (La),DETRÍTICO DE ARNEDO,RNIT,-2.0791438856470883,42.21932036218588,42.21932036218588,-2.0791438856470883,17.3,16.1,16.2,16.8,18.8,17.0,8.0,8.1,8.1,32.0,31.400000000000002,32.7,41.5,37.9,40.5,25.0,10.9,11.8,0.354,0.335,0.343,0.15,0.15,0.15,221,Vinedos,True,221,Vinedos,True,False,CA,Viales,86.88081033565176,0.5,,False,0.0,False,540.9960327148438,0.346879127702133,0.24541131787505166,0.16834880411624908,0.2300431728363037,0.17928768694400787,0.22471974790096283,0.24633821845054626,0.2019919455051422,0.20605310797691345,0.21750713884830475,0.2351207286119461,0.22742736334250555,0.16834880411624908,0.346879127702133,-0.11175839909018692
221030027,530205,4704073,MONTE REAL,CENICERO,Rioja (La),ALUVIAL DEL NAJERILLA-EBRO,RNIT,-2.6324591395939394,42.48842278081459,42.48842278081459,-2.6324591395939394,19.700000000000003,15.8,17.3,28.900000000000002,29.200000000000003,29.6,7.5,7.6000000000000005,7.7,23.400000000000002,22.5,23.6,42.7,42.6,42.5,24.900000000000002,12.0,10.5,0.359,0.339,0.352,0.177,0.169,0.17200000000000001,511,Cursos de agua,False,511,Cursos de agua,False,False,AG,Agua,138946.960128897,1.94,,False,0.0,True,403.99603271484375,0.4776252536802342,0.6746566469178958,0.5945806503295898,0.6600517630577087,0.5730676651000977,0.7179818749427795,0.6121262907981873,0.5719720125198364,0.615006148815155,0.6136695146560669,0.6730360984802246,0.6167067199361614,0.4776252536802342,0.7179818749427795,0.19541084479999044
251220047,602560,4668863,Sondeo Nitratos Rioja ALFARO 2 ALHAMA,ALFARO,Rioja (La),ALUVIAL DEL EBRO-ARAGÓN: LODOSA-TUDELA,RNIT,-1.7584096784300445,42.16518691055079,42.16518691055079,-1.7584096784300445,21.8,16.8,18.8,22.900000000000002,23.8,22.700000000000003,8.0,8.0,8.0,22.900000000000002,21.900000000000002,23.700000000000003,47.0,45.5,49.800000000000004,18.2,10.5,13.0,0.352,0.342,0.343,0.179,0.17300000000000001,0.177,242,Mosaico cultivos,True,242,Mosaico cultivos,True,False,MT,Monte bajo / Matorral,2583.580239206793,1.68,100.0,False,0.0,False,299.88800048828125,0.5012410852516433,0.34928722422692415,0.1550748348236084,0.20275548100471497,0.1681722104549408,0.18308492004871368,0.24086232483386993,0.24602465331554413,0.2615772783756256,0.31056395173072815,0.2880114018917084,0.26424139690527465,0.1550748348236084,0.5012410852516433,-0.21322968335993497
211040583,509565,4701387,Camino de Carramolinero (PO: 501 PA:478),CIDAMÓN,Rioja (La),ALUVIAL DEL OJA,RNIT,-2.88365481773693,42.46476316018527,42.46476316018527,-2.88365481773693,17.5,15.600000000000001,16.1,27.0,30.200000000000003,27.0,7.800000000000001,8.0,8.0,24.6,23.0,24.900000000000002,46.1,43.0,45.400000000000006,22.3,11.100000000000001,13.5,0.341,0.331,0.337,0.186,0.187,0.187,211,Tierras labor secano,True,211,Tierras labor secano,True,False,TA,Tierra arable,18594.004389810303,0.23,100.0,True,0.0,True,626.3080444335938,0.7140532719567892,0.37434307840652653,0.27272728085517883,0.29837796092033386,0.386053204536438,0.36236560344696045,0.28393593430519104,0.20910429954528809,0.4439024329185486,0.3104204833507538,0.298895925283432,0.35947086141140366,0.20910429954528809,0.7140532719567892,-0.41515734667335724
241160252,578929,4671245,CABEZA SOMERO,QUEL,Rioja (La),DETRÍTICO DE ARNEDO,RNIT,-2.0441190046077025,42.18937633188291,42.18937633188291,-2.0441190046077025,18.2,15.4,17.0,15.100000000000001,14.600000000000001,14.200000000000001,8.1,8.200000000000001,8.200000000000001,44.400000000000006,45.800000000000004,46.2,26.3,26.200000000000003,26.400000000000002,19.1,9.9,8.200000000000001,0.309,0.309,0.308,0.136,0.123,0.11800000000000001,222,Frutales,True,222,Frutales,True,False,FS,Frutos secos,1243.7360539278448,0.39,0.0,True,0.0,False,590.7320556640625,0.3982643586992021,0.37319825074346147,0.3500942885875702,0.44885700941085815,0.2858407199382782,0.38372093439102173,0.17119765281677246,0.17459355294704437,0.22401867806911469,0.25303152203559875,0.2870846092700958,0.3045365069917289,0.17119765281677246,0.44885700941085815,-0.1111797494291063
241160163,578887,4672387,RA DEL HERRERO (PO:13 PA:524),QUEL,Rioja (La),DETRÍTICO DE ARNEDO,RNIT,-2.0444726733919008,42.19966440046804,42.19966440046804,-2.0444726733919008,20.3,17.3,18.2,14.200000000000001,15.0,14.0,7.9,8.200000000000001,8.200000000000001,38.5,37.300000000000004,39.6,31.400000000000002,27.900000000000002,32.1,20.900000000000002,10.8,8.200000000000001,0.307,0.314,0.303,0.126,0.11900000000000001,0.107,222,Frutales,True,222,Frutales,True,False,FS,Frutos secos,13534.0986328125,0.31,0.0,True,0.0,False,558.8685302734375,0.4536886289884927,0.4305596766284926,0.35671886801719666,0.3997218906879425,0.3475606441497803,0.42441418766975403,0.40760746598243713,0.3548113703727722,0.3063106834888458,0.38400763273239136,0.35434579849243164,0.3836133497464125,0.3063106834888458,0.4536886289884927,-0.09934283049606107
241260021,574615,4658001,Sondeo Nitratos Rioja CORNAGO VALDEPERILLO - DESAPARECIDO,CORNAGO,Rioja (La),CAMEROS,RNIT,-2.098051545830426,42.07053298704397,42.07053298704397,-2.098051545830426,20.5,17.6,18.400000000000002,22.3,23.400000000000002,22.1,7.800000000000001,8.0,8.0,31.400000000000002,31.5,31.8,42.0,40.1,42.2,21.200000000000003,11.4,12.600000000000001,0.352,0.332,0.34,0.16,0.152,0.156,242,Mosaico cultivos,True,242,Mosaico cultivos,True,False,AG,Agua,128537.04640327123,0.85,,False,0.0,False,662.3790893554688,0.17691706212251937,0.18305053054737533,0.2460273951292038,0.30747923254966736,0.2426086962223053,0.26869112253189087,0.32864949107170105,0.2542297840118408,0.3372717499732971,0.33220213651657104,0.3250714838504791,0.27292715313880467,0.17691706212251937,0.3372717499732971,0.14815442172795976
211030008,502519,4696432,MANANTIAL PATAGALLINA 1,SANTO DOMINGO DE LA CALZADA,Rioja (La),ALUVIAL DEL OJA,RBAS,-2.9693815071295475,42.42019353514909,42.42019353514909,-2.9693815071295475,18.3,14.200000000000001,16.0,26.8,27.5,26.900000000000002,7.800000000000001,7.9,8.0,20.3,21.1,20.5,47.1,45.400000000000006,46.900000000000006,24.6,11.0,13.3,0.34900000000000003,0.334,0.34,0.187,0.188,0.188,211,Tierras labor secano,True,211,Tierras labor secano,True,False,AG,Agua,58674.48459950468,1.45,,False,0.0,False,665.1880493164062,0.6105019462758736,0.6595319708925218,0.6848029494285583,0.7045702934265137,0.6761110424995422,0.7251797914505005,0.681896984577179,0.6769617795944214,0.6233159303665161,0.6766712069511414,0.6304497122764587,0.6681812370672024,0.6105019462758736,0.7251797914505005,0.01994776600058512
210940011,508926,4719111,PIEZOMETRO-2 HERRERA. ABTO. VILLALBA DE RIOJA,VILLALBA DE RIOJA,Rioja (La),PANCORBO-CONCHAS DE HARO,RBAS,-2.8911504304967592,42.62438946518425,42.62438946518425,-2.8911504304967592,0.0,0.0,0.0,0.0,0.0,0.0,,,,0.0,0.0,0.0,0.0,0.0,0.0,0.0,0.0,0.0,0.0,0.0,0.0,0.0,0.0,0.0,311,Bosque frondosas,False,311,Bosque frondosas,False,False,FO,Forestal,28430.240635201917,2.46,0.0,False,0.0,True,675.5306396484375,0.0,0.0,0.0,0.0,0.0,0.0,0.0,0.0,0.0,0.0,0.0,0.0,0.0,0.0,0.0
221210013,517272,4667190,BRIEVA (PISCIFACTORÍA BRIEVA DE CAMEROS),BRIEVA DE CAMEROS,Rioja (La),MANSILLA-NEILA,RBAS,-2.790931854011985,42.156647454219865,42.156647454219865,-2.790931854011985,20.6,15.0,16.8,15.5,15.5,16.1,6.7,6.800000000000001,7.0,34.9,34.5,35.7,36.1,36.1,35.9,28.5,13.0,18.0,0.332,0.33,0.331,0.164,0.176,0.176,322,Matorrales,False,322,Matorrales,False,False,CA,Viales,12534.387771995867,2.64,,False,0.0,False,1019.2520751953125,0.706067867418291,0.7198259187383296,0.6396979689598083,0.7470144033432007,0.7583473920822144,0.778957188129425,0.6954923868179321,0.6860706806182861,0.7040191292762756,0.7628408074378967,0.7738879919052124,0.7247474304297157,0.6396979689598083,0.778957188129425,0.06782012448692143
221130009,528657,4678589,FUENTE DE SAN PEDRO,TORRECILLA EN CAMEROS,Rioja (La),PRADOLUENGO-ANGUIANO,RBAS,-2.652562493905789,42.2589749662404,42.2589749662404,-2.652562493905789,18.6,12.0,14.4,22.0,25.200000000000003,21.200000000000003,6.800000000000001,6.800000000000001,6.800000000000001,24.1,22.8,24.6,42.0,39.1,42.5,40.0,12.4,21.6,0.336,0.325,0.329,0.155,0.161,0.16,311,Bosque frondosas,False,311,Bosque frondosas,False,False,FO,Forestal,797409.453981175,5.22,0.0,False,0.0,False,904.519775390625,0.7031246605324215,0.6910280008924586,0.78230220079422,0.7909160852432251,0.8289280533790588,0.8087447285652161,0.7917158007621765,0.8098453879356384,0.8028417229652405,0.7879900932312012,0.7885763049125671,0.780546639928493,0.6910280008924586,0.8289280533790588,0.08545164438014563
241150030,571730,4673644,POZO DE CIENTA II,ARNEDO,Rioja (La),DETRÍTICO DE ARNEDO,RBAS,-2.130997340626708,42.21167337532112,42.21167337532112,-2.130997340626708,17.2,14.4,15.0,22.5,26.1,23.0,7.800000000000001,7.9,7.9,28.3,27.8,28.3,38.5,36.1,37.300000000000004,32.2,10.4,13.200000000000001,0.339,0.33,0.335,0.149,0.149,0.149,311,Bosque frondosas,False,311,Bosque frondosas,False,False,MT,Monte bajo / Matorral,123.12697102887101,0.17,100.0,False,0.0,False,540.02001953125,0.6204788435476585,0.6326660870400236,0.6795909404754639,0.6062122583389282,0.6365259289741516,0.6713132858276367,0.6655283570289612,0.6665514707565308,0.6566265225410461,0.6153399348258972,0.6077795624732971,0.641692108348145,0.6062122583389282,0.6795909404754639,-0.012699281074361357
251150055,594638,4678112,Pozo de la Recueja 1 (Po. 1; Pa. 55),RINCÓN DE SOTO,Rioja (La),ALUVIAL DEL EBRO-ARAGÓN: LODOSA-TUDELA,RBAS,-1.8527878925700405,42.2494675682009,42.2494675682009,-1.8527878925700405,20.8,16.8,18.400000000000002,23.3,23.3,24.0,7.7,7.800000000000001,7.800000000000001,21.200000000000003,21.8,22.400000000000002,51.6,50.7,52.1,22.6,10.200000000000001,13.100000000000001,0.355,0.34400000000000003,0.34700000000000003,0.16,0.17400000000000002,0.163,242,Mosaico cultivos,True,242,Mosaico cultivos,True,False,TA,Tierra arable,233.14211035005496,0.12,100.0,True,0.0,False,283.4409484863281,0.4453924551586204,0.4572475382257226,0.5180612802505493,0.4434594511985779,0.37068039178848267,0.3621998727321625,0.34379836916923523,0.4394195079803467,0.457464337348938,0.48740169405937195,0.5106738209724426,0.43961806535313175,0.34379836916923523,0.5180612802505493,0.06528136581382221
241050045,572065,4695776,RECUEJA,ALCANADRE,Rioja (La),ALUVIAL DE LA RIOJA-MENDAVIA,RBAS,-2.1241804093111973,42.41094401577004,42.41094401577004,-2.1241804093111973,19.8,15.200000000000001,17.2,18.400000000000002,19.6,18.5,7.9,8.0,8.0,20.400000000000002,19.700000000000003,20.200000000000003,58.400000000000006,53.800000000000004,56.2,18.5,10.200000000000001,11.100000000000001,0.341,0.329,0.338,0.162,0.169,0.165,242,Mosaico cultivos,True,242,Mosaico cultivos,True,False,MT,Monte bajo / Matorral,1301.5930653647956,0.46,0.0,False,0.0,False,322.5320129394531,0.5603233286664334,0.49990454640202187,0.567194938659668,0.6353691816329956,0.6104950308799744,0.6389105319976807,0.5427985787391663,0.6049873232841492,0.7238994836807251,0.6857082843780518,0.7318681478500366,0.6183144887428094,0.49990454640202187,0.7318681478500366,0.1715448191836032
221280002,538340,4657590,NACIMIENTO RIO PIQUERAS,LUMBRERAS,Rioja (La),CAMEROS,RBAS,-2.536551365743564,42.069439895266235,42.069439895266235,-2.536551365743564,19.8,12.5,15.100000000000001,16.8,18.5,18.6,6.1000000000000005,6.1000000000000005,6.1000000000000005,41.1,39.5,39.900000000000006,33.2,32.6,32.5,50.0,17.400000000000002,29.0,0.324,0.312,0.314,0.138,0.135,0.137,311,Bosque frondosas,False,311,Bosque frondosas,False,False,FO,Forestal,715054.9411945106,2.7,0.0,False,0.0,False,1449.0521240234375,0.8705695938620631,0.866912709798881,0.8563535809516907,0.8384172320365906,0.8755286931991577,0.8890678882598877,0.916037917137146,0.8959755301475525,0.8785662055015564,0.9248483180999756,0.9177048206329346,0.8845438626934032,0.8384172320365906,0.9248483180999756,0.04713522677087145
231240007,560588,4661716,VALLEJONDO,ENCISO,Rioja (La),CAMEROS,RBAS,-2.267210441580483,42.1051967890556,42.1051967890556,-2.267210441580483,18.900000000000002,14.200000000000001,14.9,15.100000000000001,14.4,15.3,7.4,7.6000000000000005,7.6000000000000005,33.5,32.800000000000004,32.7,40.6,40.5,39.7,34.6,14.0,18.7,0.315,0.281,0.295,0.155,0.15,0.157,324,Matorral boscoso,False,324,Matorral boscoso,False,False,PR,Pasto arbustivo,227921.2758255584,2.89,0.0,True,0.0,False,1203.9801025390625,0.7252354120183035,0.7875773692333334,0.7765957713127136,0.7864089608192444,0.7650232911109924,0.8051261305809021,0.8398097157478333,0.835536003112793,0.8330783843994141,0.8088012337684631,0.8430265188217163,0.8005653446296098,0.7252354120183035,0.8430265188217163,0.11779110680341276
241230015,583388,4662243,"SONDEO DE GRÁVALOS, IRYDA. INC",GRÁVALOS,Rioja (La),FITERO-ARNEDILLO,RBAS,-1.991413298492858,42.10785037798781,42.10785037798781,-1.991413298492858,19.200000000000003,17.8,17.8,24.3,25.8,24.700000000000003,7.800000000000001,8.0,8.0,32.0,31.700000000000003,32.0,38.800000000000004,38.2,38.900000000000006,21.6,10.3,10.600000000000001,0.34900000000000003,0.34,0.342,0.156,0.152,0.152,242,Mosaico cultivos,True,242,Mosaico cultivos,True,False,FY,Frutales,7255.784929788015,0.38,100.0,True,0.0,False,706.3200073242188,0.4379154718862985,0.40449869970485064,0.40689000487327576,0.40676334500312805,0.3573303818702698,0.43886351585388184,0.4328385591506958,0.3237531781196594,0.45756593346595764,0.3593411445617676,0.3792470097541809,0.4004552040221787,0.3237531781196594,0.45756593346595764,-0.05866846213211757
221210014,517735,4668033,BERRINCHE,BRIEVA DE CAMEROS,Rioja (La),MANSILLA-NEILA,RBAS,-2.7853018643235825,42.164229459531896,42.164229459531896,-2.7853018643235825,20.6,15.0,16.400000000000002,18.2,19.200000000000003,18.7,7.0,7.2,7.2,35.4,36.0,35.300000000000004,34.4,34.1,34.2,30.8,11.8,18.8,0.324,0.323,0.324,0.151,0.146,0.153,322,Matorrales,False,322,Matorrales,False,False,AG,Agua,8788.69345164987,4.32,,False,0.0,False,1009.8480224609375,0.565655357720769,0.5195988363190936,0.5467286109924316,0.5788284540176392,0.5821462273597717,0.726902186870575,0.6109382510185242,0.5285791754722595,0.5617559552192688,0.6436183452606201,0.6374622583389282,0.5911103325990801,0.5195988363190936,0.726902186870575,0.0718069006181592
220960018,519673,4711843,POZO DEL EBRO,SAN VICENTE DE LA SONSIERRA,Rioja (La),LAGUARDIA,RBAS,-2.760346080856251,42.55873688280217,42.55873688280217,-2.760346080856251,20.8,14.100000000000001,16.6,24.700000000000003,29.1,25.6,7.800000000000001,8.0,8.0,19.900000000000002,19.1,19.700000000000003,44.900000000000006,39.5,44.300000000000004,24.3,12.0,12.200000000000001,0.356,0.339,0.34400000000000003,0.176,0.189,0.181,323,Veg esclerofia,False,323,Veg esclerofia,False,False,MT,Monte bajo / Matorral,13589.083034033181,0.67,0.0,False,0.0,False,429.16802978515625,0.5573101473082607,0.5547261386224365,0.6889979839324951,0.6488549709320068,0.6600598096847534,0.6610800623893738,0.6502742171287537,0.641237199306488,0.6998211145401001,0.743302047252655,0.6643726825714111,0.6518214885153395,0.5547261386224365,0.743302047252655,0.10706253526315046
221230018,526102,4667021,FUENTE LACE,ORTIGOSA DE CAMEROS,Rioja (La),CAMEROS,RBAS,-2.6840583947640053,42.154880847696,42.154880847696,-2.6840583947640053,19.8,12.5,16.1,14.9,14.600000000000001,14.600000000000001,6.0,6.1000000000000005,6.1000000000000005,37.4,39.2,38.0,38.1,37.4,38.300000000000004,50.400000000000006,14.200000000000001,28.0,0.335,0.311,0.322,0.145,0.151,0.156,324,Matorral boscoso,False,324,Matorral boscoso,False,False,PA,Pasto arbolado,109737.58437071738,2.31,0.0,True,0.0,False,1262.715087890625,0.666536029527893,0.6109072012690424,0.5877848267555237,0.6319724321365356,0.6030134558677673,0.6613703370094299,0.5887838006019592,0.4586951434612274,0.5792374014854431,0.5995804071426392,0.5353845953941345,0.5930241482410541,0.4586951434612274,0.666536029527893,-0.13115143413375852
221160027,524742,4669592,FUENTE DE ORTIGOSA,ORTIGOSA DE CAMEROS,Rioja (La),MANSILLA-NEILA,RBAS,-2.700410536167346,42.17808014814833,42.17808014814833,-2.700410536167346,18.5,15.0,15.8,15.0,14.100000000000001,14.5,6.2,6.2,6.2,35.5,36.1,35.1,39.800000000000004,39.6,40.1,37.1,11.3,16.7,0.323,0.316,0.32,0.17200000000000001,0.178,0.178,311,Bosque frondosas,False,311,Bosque frondosas,False,False,ZU,Zona urbana,7226.128564123306,2.74,,False,0.0,False,1063.4320068359375,0.6960055978204229,0.7045456144919172,0.8029618263244629,0.7591671347618103,0.7189189195632935,0.7463958263397217,0.8142758011817932,0.8002976775169373,0.8070035576820374,0.7740070223808289,0.7875174880027771,0.7646451332787275,0.6960055978204229,0.8142758011817932,0.09151189018235417
221120006,520083,4677638,ABASTECIMIENTO A ANGUIANO - FUENTE INTER,ANGUIANO,Rioja (La),PRADOLUENGO-ANGUIANO,RBAS,-2.7565455205397713,42.25067787079284,42.25067787079284,-2.7565455205397713,18.900000000000002,15.200000000000001,17.2,24.6,27.3,24.6,7.0,7.1000000000000005,7.1000000000000005,26.5,25.200000000000003,26.5,42.800000000000004,42.300000000000004,43.0,37.2,11.200000000000001,19.700000000000003,0.34900000000000003,0.334,0.34500000000000003,0.182,0.187,0.187,322,Matorrales,False,322,Matorrales,False,False,IM,Improductivo,1407.2460783534145,1.86,,False,0.0,False,791.2717895507812,0.7183814544565863,0.7153645787397409,0.6742857098579407,0.6554695963859558,0.6092841029167175,0.6164603233337402,0.7129442691802979,0.7114967703819275,0.7573605179786682,0.7433617115020752,0.7660618424415588,0.6982246251977462,0.6092841029167175,0.7660618424415588,0.04768038798497254
210920002,497781,4719288,FUENTE HONTORIA,FONCEA,Rioja (La),PANCORBO-CONCHAS DE HARO,RBAS,-3.0270606717437785,42.6260319831389,42.6260319831389,-3.0270606717437785,0.0,0.0,0.0,0.0,0.0,0.0,,,,0.0,0.0,0.0,0.0,0.0,0.0,0.0,0.0,0.0,0.0,0.0,0.0,0.0,0.0,0.0,311,Bosque frondosas,False,311,Bosque frondosas,False,False,FO,Forestal,239784.47986919686,4.11,0.0,False,0.0,False,606.8894653320312,0.0,0.0,0.0,0.0,0.0,0.0,0.0,0.0,0.0,0.0,0.0,0.0,0.0,0.0,0.0
211130014,499242,4686398,PEÑA SAN TORCUATO,EZCARAY,Rioja (La),PRADOLUENGO-ANGUIANO,RBAS,-3.009200305514724,42.3298302797147,42.3298302797147,-3.009200305514724,20.400000000000002,14.200000000000001,15.700000000000001,26.700000000000003,31.900000000000002,28.3,7.5,7.7,7.7,20.200000000000003,19.6,20.200000000000003,44.800000000000004,41.400000000000006,45.0,31.0,13.100000000000001,16.1,0.35000000000000003,0.325,0.334,0.187,0.189,0.19,231,Praderas,True,231,Praderas,True,False,FO,Forestal,1237.323813962862,0.76,0.0,False,0.0,False,806.0753784179688,0.490328715196457,0.519053927680798,0.6963845491409302,0.7608532905578613,0.7704117894172668,0.8169491291046143,0.692916214466095,0.6739352345466614,0.7260354161262512,0.7540376782417297,0.7423092722892761,0.6948377469789038,0.490328715196457,0.8169491291046143,0.25198055709281914
211120001,493563,4685125,MANANTIAL DE VALGAÑÓN. TRES CAÑOS,VALGAÑÓN,Rioja (La),PRADOLUENGO-ANGUIANO,RBAS,-3.078115552456647,42.31833920447419,42.31833920447419,-3.078115552456647,0.0,0.0,0.0,0.0,0.0,0.0,,,,0.0,0.0,0.0,0.0,0.0,0.0,0.0,0.0,0.0,0.0,0.0,0.0,0.0,0.0,0.0,322,Matorrales,False,322,Matorrales,False,False,FO,Forestal,585.0202298549167,3.26,0.0,False,0.0,False,968.0159912109375,0.0,0.0,0.0,0.0,0.0,0.0,0.0,0.0,0.0,0.0,0.0,0.0,0.0,0.0,0.0
231180025,562751,4673228,LAS POZAS,ARNEDILLO,Rioja (La),FITERO-ARNEDILLO,RBAS,-2.239812120546508,42.20869954111862,42.20869954111862,-2.239812120546508,18.2,15.200000000000001,16.2,22.5,23.900000000000002,22.200000000000003,7.7,7.9,7.9,28.1,26.8,28.1,38.900000000000006,37.7,39.300000000000004,23.0,10.5,14.3,0.342,0.341,0.34400000000000003,0.162,0.17500000000000002,0.166,324,Matorral boscoso,False,324,Matorral boscoso,False,False,AG,Agua,31784.350816807575,2.13,,False,0.0,False,657.8760375976562,0.40750021355961147,0.4427962408279053,0.4676625430583954,0.5369722843170166,0.5853248238563538,0.5589318871498108,0.5244831442832947,0.5454192757606506,0.558563232421875,0.5849007368087769,0.5963050723075867,0.5280781322137524,0.40750021355961147,0.5963050723075867,0.1888048587479752
241270004,586556,4655225,BARRANCO DE LA CANEJADA,CERVERA DEL RÍO ALHAMA,Rioja (La),CAMEROS,RBAS,-1.9541403220528104,42.044309825905245,42.044309825905245,-1.9541403220528104,18.900000000000002,18.6,17.7,22.0,25.200000000000003,22.1,7.9,8.1,8.1,31.8,30.3,32.0,40.2,37.800000000000004,40.0,18.900000000000002,10.200000000000001,12.0,0.307,0.309,0.307,0.151,0.158,0.158,222,Frutales,True,222,Frutales,True,False,OV,Olivar,261.6370656747761,1.35,0.0,True,0.0,False,504.3360290527344,0.3720253454137252,0.3882686640791283,0.40145641565322876,0.3768848180770874,0.38906729221343994,0.4477958381175995,0.4189561605453491,0.48479947447776794,0.43728137016296387,0.4674851596355438,0.5214301943778992,0.42776824843215755,0.3720253454137252,0.5214301943778992,0.149404848964174
241280001,588742,4653796,BAÑOS DE LA ALBOTEA,CERVERA DEL RÍO ALHAMA,Rioja (La),AÑAVIEJA-VALDEGUTUR,RBAS,-1.927947536977254,42.031197932982735,42.031197932982735,-1.927947536977254,18.7,16.7,16.8,21.5,22.3,21.200000000000003,7.800000000000001,8.0,8.0,30.400000000000002,30.5,31.1,41.7,41.1,43.400000000000006,21.400000000000002,10.100000000000001,12.9,0.34700000000000003,0.34,0.34,0.154,0.152,0.153,323,Veg esclerofia,False,323,Veg esclerofia,False,False,IM,Improductivo,27558.967905919304,0.69,,False,0.0,False,490.2120361328125,0.15565013137974598,0.16595059025810907,0.04053109884262085,0.049788668751716614,0.028931183740496635,0.04694446548819542,0.04280281066894531,0.04087858274579048,0.051643192768096924,0.05220473185181618,0.09143949300050735,0.06970590449964008,0.028931183740496635,0.16595059025810907,-0.06421063837923863
241280020,590503,4656748,BALNEARIO VIEJO,CERVERA DEL RÍO ALHAMA,Rioja (La),CAMEROS,RBAS,-1.906221492225865,42.05757990357234,42.05757990357234,-1.906221492225865,18.2,17.5,16.8,22.1,22.5,21.8,7.9,8.200000000000001,8.200000000000001,29.900000000000002,29.3,30.3,40.1,37.4,40.6,18.2,10.100000000000001,11.5,0.34,0.336,0.34,0.15,0.15,0.149,323,Veg esclerofia,False,323,Veg esclerofia,False,False,AG,Agua,11333.52918001904,2.47,,False,0.0015518150221575041,False,495.8880310058594,0.20494230763795246,0.1800823924564334,0.14308425784111023,0.12669509649276733,0.1335870921611786,0.1199103444814682,0.126090407371521,0.12146985530853271,0.12448614090681076,0.13976231217384338,0.1363680213689804,0.14149802074550896,0.1199103444814682,0.20494230763795246,-0.06857428626897205
241330041,583202,4646159,POZO DEL MATADERO,AGUILAR DEL RÍO ALHAMA,Rioja (La),AÑAVIEJA-VALDEGUTUR,RBAS,-1.995945241897962,41.9630301208927,41.9630301208927,-1.995945241897962,18.8,17.400000000000002,17.3,22.3,23.0,22.200000000000003,7.800000000000001,8.0,8.0,30.400000000000002,30.3,30.700000000000003,42.2,42.1,42.7,22.8,10.200000000000001,11.600000000000001,0.356,0.342,0.34800000000000003,0.158,0.158,0.158,211,Tierras labor secano,True,211,Tierras labor secano,True,False,TA,Tierra arable,1955.4968360062912,1.41,100.0,True,0.0,True,616.114013671875,0.508606452305289,0.2897050496206245,0.5061270594596863,0.48329129815101624,0.4972665309906006,0.44160860776901245,0.5352686643600464,0.4389502704143524,0.5097594857215881,0.47431057691574097,0.4232296943664551,0.4643748809158556,0.2897050496206245,0.5352686643600464,-0.08537675793883392
241340046,590949,4647462,Valdegutur. Abastecimiento a Valverde,CERVERA DEL RÍO ALHAMA,Rioja (La),AÑAVIEJA-VALDEGUTUR,RBAS,-1.9022713794782777,41.9739081260637,41.9739081260637,-1.9022713794782777,18.7,17.5,17.2,20.900000000000002,24.200000000000003,22.3,7.9,8.1,8.1,30.700000000000003,29.900000000000002,30.8,42.7,40.900000000000006,41.800000000000004,23.200000000000003,10.700000000000001,12.8,0.342,0.338,0.333,0.158,0.156,0.158,212,Terrenos regados,True,212,Terrenos regados,True,False,IM,Improductivo,1929.6038530501107,2.89,,False,0.0,False,556.3880004882812,0.4655121238412712,0.4744186473648653,0.27232933044433594,0.3221772611141205,0.3138105869293213,0.25305667519569397,0.30582618713378906,0.2662917673587799,0.3085194230079651,0.2845693826675415,0.2557792663574219,0.3202082410377369,0.25305667519569397,0.4744186473648653,-0.20973285748384934
241240008,590028,4660473,MANANTIAL DE CANTARES,ALFARO,Rioja (La),SIN DEFINIR MASA,RBAS,-1.9113879897976054,42.09117780160902,42.09117780160902,-1.9113879897976054,19.8,16.8,16.5,23.0,22.900000000000002,22.1,7.6000000000000005,7.7,7.7,31.3,30.900000000000002,31.8,40.6,40.300000000000004,41.400000000000006,28.0,10.200000000000001,13.200000000000001,0.35000000000000003,0.342,0.34700000000000003,0.162,0.165,0.163,323,Veg esclerofia,False,323,Veg esclerofia,False,False,MT,Monte bajo / Matorral,28214.808837626042,3.55,0.0,False,0.0,False,529.6827392578125,0.7289850017439833,0.6964361442525691,0.6268656849861145,0.7388978004455566,0.7567839026451111,0.801174521446228,0.6278677582740784,0.6516658067703247,0.6623607873916626,0.6587152481079102,0.7441127300262451,0.6994423078263439,0.6268656849861145,0.801174521446228,0.015127728282261832
241340008,590971,4647469,IRYDA LR3,CERVERA DEL RÍO ALHAMA,Rioja (La),AÑAVIEJA-VALDEGUTUR,RBAS,-1.9020048100453466,41.97396862233306,41.97396862233306,-1.9020048100453466,18.7,17.5,17.2,20.900000000000002,24.200000000000003,22.3,7.9,8.1,8.1,30.700000000000003,29.900000000000002,30.8,42.7,40.900000000000006,41.800000000000004,23.200000000000003,10.700000000000001,12.8,0.342,0.338,0.333,0.158,0.156,0.158,212,Terrenos regados,True,212,Terrenos regados,True,False,CA,Viales,1694.0154592863748,0.83,,False,0.0,False,557.3160400390625,0.35153266698662444,0.32282637011258664,0.3068181872367859,0.45168617367744446,0.4719887971878052,0.5414534211158752,0.4079928696155548,0.43827491998672485,0.4540441036224365,0.461895614862442,0.46221521496772766,0.4246116672156371,0.3068181872367859,0.5414534211158752,0.11068254798110322
241270051,586136,4654599,RINCON DE OLIVEDO MMA BARRANCO DE CANEJADA,CERVERA DEL RÍO ALHAMA,Rioja (La),CAMEROS,RBAS,-1.9593063880438464,42.03871875300695,42.03871875300695,-1.9593063880438464,19.200000000000003,18.1,17.400000000000002,21.3,22.400000000000002,21.1,7.9,8.1,8.200000000000001,30.0,30.0,30.6,43.800000000000004,41.6,43.6,19.1,10.5,12.5,0.307,0.304,0.307,0.16,0.158,0.16,323,Veg esclerofia,False,323,Veg esclerofia,False,False,MT,Monte bajo / Matorral,3352.3730326417967,1.44,0.0,False,0.0,False,524.3359985351562,0.22052424652675431,0.18175580754178366,0.1471511423587799,0.22412598133087158,0.17051640152931213,0.21948912739753723,0.21209938824176788,0.16173489391803741,0.17900829017162323,0.20971138775348663,0.2356412261724472,0.19652344481294556,0.1471511423587799,0.2356412261724472,0.01511697964569289
