ipa,anio,clase,clase_predicha,acierto,no3_mgl,prob_normal,prob_riesgo,prob_afectada
241050045,2020,normal,normal,1,2.7,0.9953034,0.00057559717,0.0041210037
211020172,2024,afectada,afectada,1,88.0,0.03162006,0.0005435828,0.9678363
231070139,2016,afectada,afectada,1,198.0,5.6713176e-05,4.6272013e-05,0.999897
241060011,2025,normal,normal,1,4.1,0.9997881,3.1513355e-05,0.0001804501
231080029,2025,afectada,afectada,1,55.4,0.00032217373,0.0004586376,0.9992192
211030763,2021,normal,normal,1,6.0,0.9990754,0.00023369025,0.0006909251
221120045,2019,riesgo,riesgo,1,35.0,0.008117267,0.9693132,0.022569587
220950053,2020,afectada,afectada,1,92.1,0.00011353414,0.00023793567,0.9996486
231030090,2017,afectada,normal,0,61.0,0.8662066,0.06284989,0.07094351
241160189,2019,normal,normal,1,6.02,0.99851555,0.00025788363,0.0012265814
221040043,2015,afectada,afectada,1,78.8,0.0038049538,0.0032513323,0.9929437
210980214,2022,riesgo,riesgo,1,33.0,0.16311428,0.7488166,0.0880691
221060002,2016,afectada,afectada,1,52.7,0.08277526,0.055762243,0.8614625
210980114,2023,riesgo,riesgo,1,37.1,0.0009122392,0.88573945,0.11334831
220950053,2017,afectada,afectada,1,97.1,0.00011164552,0.00025652657,0.99963176
221020024,2025,afectada,afectada,1,53.3,0.0009419428,0.018702265,0.98035574
231050145,2025,normal,riesgo,0,15.0,0.10576021,0.89341116,0.0008286767
241120074,2023,riesgo,riesgo,1,25.2,0.0037245865,0.9651399,0.031135507
231030091,2018,afectada,afectada,1,57.3,0.0010495925,0.00013142254,0.99881893
221230018,2023,normal,normal,1,2.5,0.9997925,5.888102e-05,0.00014863939
221030030,2019,riesgo,afectada,0,33.0,1.1539941e-05,2.3548753e-05,0.99996495
251150038,2025,normal,riesgo,0,21.4,0.09631445,0.68509716,0.2185884
210980020,2021,afectada,riesgo,0,43.0,0.051303525,0.7861808,0.16251573
241120074,2017,riesgo,afectada,0,27.8,0.00826382,0.3884177,0.6033185
211020002,2020,afectada,afectada,1,120.0,0.00080525136,9.968678e-05,0.9990951
211020002,2017,afectada,afectada,1,108.0,0.0005887635,7.790768e-05,0.9993333
241270004,2025,normal,normal,1,1.0,0.9896399,0.008758822,0.0016013018
220950053,2017,afectada,afectada,1,114.0,0.00022367778,0.0001359004,0.99964046
221020024,2019,afectada,riesgo,0,53.6,0.0013579548,0.91674197,0.08190004
241120074,2016,normal,afectada,0,15.2,0.004461659,0.18653636,0.809002
241160181,2019,afectada,afectada,1,86.0,0.0054725744,0.0008955941,0.9936319
210940011,2015,normal,normal,1,2.9,0.81905216,0.00014974049,0.18079807
221130009,2025,normal,normal,1,2.4,0.9980057,0.0005713838,0.0014229148
210980017,2016,afectada,afectada,1,123.0,5.6942736e-05,7.773439e-05,0.9998653
241150028,2016,normal,normal,1,3.66,0.99814093,0.0003575354,0.001501516
210980206,2024,riesgo,riesgo,1,28.1,0.021459494,0.9733141,0.005226376
221020012,2025,riesgo,normal,0,28.3,0.6918524,0.07296469,0.23518291
231080029,2023,afectada,afectada,1,45.4,0.0016723493,0.046113458,0.9522142
231020159,2019,afectada,riesgo,0,39.0,0.24034888,0.39928937,0.36036178
210940011,2025,normal,normal,1,3.0,0.8911881,0.0008100403,0.1080019
221030027,2015,afectada,afectada,1,184.0,9.125332e-05,0.002926242,0.9969825
241160207,2016,normal,normal,1,7.44,0.9988048,0.00028475068,0.0009104621
211040588,2018,afectada,afectada,1,53.7,0.00066328,0.0014941233,0.99784255
211040003,2021,afectada,afectada,1,107.0,0.00010827427,6.5170105e-05,0.9998266
241070099,2022,normal,normal,1,4.0,0.993804,0.0059238193,0.0002721412
221210014,2021,normal,normal,1,2.5,0.99970704,0.00010222399,0.00019076458
231030090,2025,normal,normal,1,11.7,0.87748873,0.094433166,0.028078137
211040587,2023,afectada,afectada,1,95.0,0.001214063,0.0002168366,0.99856913
241160181,2018,afectada,afectada,1,76.7,0.00095009734,0.00060922286,0.9984407
241050045,2017,normal,normal,1,2.81,0.99900335,0.00011949344,0.000877233
231050020,2015,afectada,afectada,1,80.5,7.141852e-05,5.2637817e-05,0.9998759
210960027,2018,afectada,afectada,1,40.9,0.015736334,0.024803616,0.95946
211030763,2025,normal,normal,1,10.0,0.9987073,0.0004897275,0.00080293353
220950053,2016,afectada,afectada,1,121.0,7.458098e-05,4.475975e-05,0.9998807
210970015,2023,normal,normal,1,2.5,0.9939547,0.0042181355,0.0018271871
231010130,2024,afectada,afectada,1,63.0,0.008054208,0.33317912,0.6587667
211040588,2019,afectada,afectada,1,51.0,0.00013413728,0.00027383634,0.999592
210980012,2025,normal,normal,1,9.9,0.9986094,0.0012813358,0.000109246736
221080061,2022,afectada,afectada,1,56.0,0.0024323973,0.0003621028,0.99720544
211020002,2019,afectada,afectada,1,105.0,0.0031450677,7.828834e-05,0.99677664
220950053,2015,afectada,afectada,1,154.0,5.3576154e-05,8.239659e-05,0.999864
231030063,2017,afectada,afectada,1,146.0,9.920405e-05,0.00041694634,0.9994838
221040043,2024,riesgo,afectada,0,33.1,0.0059955786,0.0006653877,0.993339
241130002,2023,normal,normal,1,19.0,0.99734664,0.0024924204,0.00016088829
221020012,2023,normal,riesgo,0,20.7,0.037809625,0.9102702,0.051920194
211040003,2016,afectada,afectada,1,77.5,0.0011366046,0.0004967009,0.99836665
211040524,2022,afectada,afectada,1,128.0,0.0023348732,0.002158537,0.9955065
231030088,2019,normal,normal,1,6.0,0.9986344,0.0006206285,0.0007449268
241160146,2025,normal,normal,1,2.4,0.9955727,0.004041141,0.00038610015
241160255,2016,afectada,afectada,1,48.3,0.001213628,0.0006958905,0.99809045
211020172,2019,afectada,afectada,1,103.4,0.0010157541,0.008955185,0.99002904
221080061,2025,afectada,afectada,1,57.2,0.1044095,0.012285412,0.8833051
241050067,2021,normal,normal,1,20.0,0.9815623,0.01797957,0.00045812278
231050145,2018,normal,riesgo,0,22.0,0.2166842,0.55894536,0.22437046
231050145,2025,riesgo,riesgo,1,26.2,0.17867327,0.8148742,0.0064525353
231030090,2024,normal,riesgo,0,8.3,0.06477038,0.90962225,0.025607377
211040588,2022,afectada,afectada,1,43.0,0.000107141306,7.661426e-05,0.99981624
211040588,2021,afectada,afectada,1,41.0,0.0014718197,0.058140624,0.9403876
241160069,2017,normal,normal,1,4.3,0.99675035,0.0013841682,0.0018654657
210980012,2017,normal,normal,1,8.9,0.99534166,0.0027068562,0.0019514669
221030027,2019,afectada,afectada,1,73.0,0.0006824015,0.0064675207,0.99285007
211040003,2023,afectada,afectada,1,79.0,0.0034639346,0.002093035,0.994443
221030027,2019,riesgo,afectada,0,28.7,4.7368532e-05,7.5147334e-05,0.99987745
241160255,2023,riesgo,riesgo,1,32.8,0.006767629,0.84610057,0.14713179
241150030,2015,normal,normal,1,4.0,0.98402435,0.008566907,0.0074087675
211040588,2024,riesgo,afectada,0,32.1,0.0018576361,0.0104129845,0.9877294
210980017,2019,afectada,afectada,1,116.0,0.0003026853,0.00027061574,0.9994267
221060002,2019,afectada,afectada,1,48.1,0.036119178,0.076259755,0.8876211
231030063,2025,afectada,afectada,1,126.9,0.0011065935,0.00091486634,0.9979785
211020002,2021,afectada,afectada,1,110.0,0.0010556557,0.00025270114,0.9986916
221040004,2016,afectada,afectada,1,117.0,3.6650064e-05,0.00027067252,0.9996927
231030063,2023,afectada,afectada,1,149.0,0.00038680297,0.00250868,0.99710447
211030763,2018,normal,normal,1,13.3,0.9816072,0.01302476,0.0053680227
211040588,2020,afectada,afectada,1,51.0,0.00021920328,0.0035337156,0.9962471
231070139,2015,afectada,afectada,1,247.0,1.8526749e-05,2.6671702e-05,0.9999548
231240007,2023,normal,normal,1,2.5,0.99876404,0.00070951984,0.000526467
221030027,2016,afectada,afectada,1,201.0,0.007065152,0.12622504,0.8667098
221020012,2023,afectada,afectada,1,45.4,0.01575023,0.01155663,0.97269315
211040587,2021,afectada,afectada,1,99.0,0.00051726436,0.0015557323,0.99792695
231050020,2024,afectada,afectada,1,42.3,0.0014474177,0.0021684747,0.99638414
210960027,2025,afectada,normal,0,38.7,0.8976292,0.058049746,0.044321
231240007,2021,normal,normal,1,2.5,0.99959666,0.00017140243,0.00023195082
231020105,2015,normal,normal,1,14.5,0.9942855,0.0013081763,0.00440635
241150028,2016,normal,normal,1,3.4,0.9701387,0.0029542416,0.026907016
251160078,2021,normal,riesgo,0,15.0,0.0008478904,0.9936056,0.005546444
231070081,2017,afectada,afectada,1,102.0,3.938393e-05,0.0024332164,0.9975274
251150055,2023,normal,normal,1,7.9,0.9942719,0.004751827,0.00097627187
251150055,2025,normal,normal,1,10.8,0.99846727,0.00081521005,0.0007174926
221030030,2015,afectada,afectada,1,115.0,0.00011882771,0.018285234,0.98159593
241230015,2023,normal,normal,1,13.5,0.9984394,0.00066998904,0.000890609
220950084,2020,afectada,afectada,1,53.0,0.005054021,0.0021083148,0.9928377
231010130,2015,afectada,afectada,1,112.0,0.0001001591,6.6572255e-05,0.9998332
231070081,2020,afectada,afectada,1,142.0,0.00040607248,0.00016960665,0.99942434
211040003,2021,afectada,afectada,1,81.0,0.00040456365,0.00024393435,0.99935144
221120045,2022,normal,riesgo,0,19.0,0.10019269,0.89646995,0.003337427
210970015,2021,normal,normal,1,10.0,0.6869956,0.24957693,0.06342744
231020155,2019,riesgo,afectada,0,31.0,0.019222697,0.4743607,0.5064166
241120074,2019,riesgo,afectada,0,35.0,0.12329977,0.1920786,0.6846216
221020024,2023,riesgo,riesgo,1,34.2,0.004994647,0.74572563,0.24927974
241120074,2020,afectada,afectada,1,39.0,0.018443512,0.3721517,0.6094048
221210013,2015,normal,normal,1,1.3,0.9991111,0.00016345379,0.00072545564
231070081,2019,afectada,afectada,1,115.6,4.4651864e-05,0.00029816935,0.99965715
220950053,2020,afectada,afectada,1,84.7,5.2682644e-05,4.425552e-05,0.9999031
241220031,2025,normal,normal,1,5.7,0.9990308,0.00088799594,8.118437e-05
211020002,2017,afectada,afectada,1,106.0,0.0011015211,0.00014366084,0.99875486
231020105,2022,normal,normal,1,5.0,0.9983872,0.0009016176,0.0007111263
231030091,2022,afectada,afectada,1,74.0,0.0007775704,0.00077588006,0.9984465
231080029,2019,afectada,afectada,1,65.0,0.00026035082,0.00023702046,0.99950266
210940011,2025,normal,normal,1,2.5,0.969218,0.00525957,0.025522478
241150187,2015,normal,normal,1,13.1,0.9830547,0.00057601405,0.016369374
221120045,2015,afectada,afectada,1,63.6,0.0047423234,0.055700228,0.9395574
231050145,2015,riesgo,riesgo,1,27.8,0.096110314,0.871509,0.032380655
231080029,2020,afectada,afectada,1,63.0,0.0011334986,0.000526881,0.99833965
231030090,2018,afectada,afectada,1,43.6,0.3490049,0.0887223,0.56227285
210980248,2025,afectada,afectada,1,152.3,0.0006216105,0.000117159725,0.9992612
231070139,2025,afectada,afectada,1,108.2,0.00011869347,0.00016172328,0.99971956
241050067,2020,normal,normal,1,19.0,0.9966659,0.0020303682,0.0013036944
210980012,2017,normal,normal,1,11.9,0.9974228,0.0006333816,0.0019438332
241060011,2025,normal,normal,1,0.5,0.9997284,0.0001324238,0.00013922554
231080029,2017,afectada,afectada,1,59.5,0.00086089195,0.0005682459,0.9985708
221020012,2021,riesgo,riesgo,1,25.0,0.012538848,0.9853976,0.002063586
210980017,2016,afectada,afectada,1,118.0,0.00020757799,3.6638117e-05,0.9997558
210980206,2021,normal,riesgo,0,20.0,0.00041819166,0.8021255,0.1974563
241150187,2016,normal,normal,1,12.8,0.9996964,2.414602e-05,0.00027952756
210980020,2020,afectada,afectada,1,54.0,0.00023523427,0.000108687076,0.9996561
231030088,2024,normal,normal,1,11.3,0.99949765,6.3690386e-05,0.00043869045
221120045,2021,normal,riesgo,0,24.0,0.08739848,0.6520928,0.26050875
231050145,2025,normal,normal,1,22.5,0.93734187,0.05959917,0.0030589553
241160069,2016,normal,normal,1,4.53,0.9629319,0.00022918677,0.03683889
211030763,2023,normal,normal,1,10.0,0.99917835,0.00011423234,0.0007073396
221130009,2016,normal,normal,1,1.91,0.9986488,0.0008372131,0.0005139507
241160207,2016,normal,normal,1,0.1,0.9990797,0.00016883483,0.0007514953
220950053,2016,afectada,afectada,1,108.0,0.0011636724,0.0009848609,0.9978515
241130002,2025,normal,normal,1,24.5,0.9987931,0.0010602854,0.00014656056
221030027,2015,afectada,afectada,1,230.0,0.00033083602,0.0036763435,0.9959928
221020012,2015,riesgo,riesgo,1,34.2,0.0013551031,0.99440646,0.0042384085
241160189,2016,normal,normal,1,3.42,0.99850106,6.7793015e-05,0.0014311852
210980206,2023,riesgo,riesgo,1,29.9,0.004824191,0.9890322,0.006143644
241220031,2023,normal,normal,1,5.6,0.9998338,5.9746715e-05,0.00010638009
241160146,2024,normal,normal,1,4.3,0.9963082,0.0035776065,0.00011418502
220950053,2021,afectada,afectada,1,73.0,0.000202369,8.078515e-05,0.9997168
211020002,2023,afectada,afectada,1,112.0,0.00030034984,0.00021279215,0.9994868
210980017,2021,afectada,afectada,1,89.0,0.0006949448,0.00033852452,0.9989666
251150055,2025,normal,normal,1,0.5,0.9940323,0.005549231,0.00041847205
221040043,2021,afectada,afectada,1,63.0,0.036455747,0.15682918,0.8067151
241130002,2025,normal,normal,1,16.3,0.9965861,0.0019115956,0.0015023558
231010130,2021,afectada,afectada,1,100.0,7.5578006e-05,5.2461808e-05,0.99987197
210980012,2025,normal,normal,1,20.3,0.99132323,0.0070210854,0.0016556296
221020024,2021,riesgo,afectada,0,36.0,0.0012392346,0.28017572,0.718585
211040587,2021,afectada,afectada,1,100.0,0.00027534008,0.0006487568,0.9990759
231030063,2015,afectada,afectada,1,185.0,4.1473348e-05,0.00017568484,0.99978286
220950084,2025,afectada,riesgo,0,46.0,0.009571047,0.52712375,0.46330523
241120074,2016,riesgo,afectada,0,25.5,0.010609251,0.2702913,0.71909946
241150187,2017,normal,normal,1,11.9,0.99945146,2.4903806e-05,0.0005236596
231070139,2024,afectada,afectada,1,192.0,0.00048619814,3.8597045e-05,0.9994752
211020002,2025,afectada,afectada,1,61.5,0.0032845251,0.001045384,0.9956701
231080029,2019,afectada,afectada,1,55.0,0.0003718226,0.00037700843,0.9992512
221040043,2019,afectada,afectada,1,54.0,0.009848564,0.0020275612,0.98812383
231030063,2020,afectada,afectada,1,233.0,3.988406e-05,0.00028243155,0.99967766
231080029,2023,afectada,afectada,1,48.5,0.0010895658,0.00504267,0.9938678
241150028,2017,normal,normal,1,1.8,0.99601257,0.002590937,0.0013965098
231020155,2025,afectada,afectada,1,49.4,0.0010138911,0.46355453,0.53543156
241150030,2025,normal,normal,1,2.6,0.99938273,0.0004879638,0.0001292534
210980020,2017,riesgo,afectada,0,31.4,0.00036333766,0.1318108,0.86782587
221060002,2024,normal,normal,1,20.3,0.91325265,0.03597422,0.050773125
211040003,2016,afectada,afectada,1,52.1,1.8441458e-05,9.778724e-05,0.9998838
241120074,2024,riesgo,riesgo,1,27.8,0.0059613953,0.83246607,0.16157259
221020024,2020,afectada,afectada,1,49.0,0.0019702993,0.008503405,0.9895263
210980012,2022,normal,normal,1,13.0,0.9915153,0.007992679,0.00049203826
231010130,2020,afectada,afectada,1,92.0,0.00012973695,0.00072518556,0.99914503
221280002,2015,normal,normal,1,1.0,0.99907756,0.00030042365,0.00062195404
211040583,2016,afectada,afectada,1,64.7,0.0012903413,0.00036555153,0.99834406
221210013,2021,normal,normal,1,2.5,0.99972945,0.00014405,0.00012649158
211040587,2019,afectada,afectada,1,87.8,0.0045815343,0.0023245725,0.99309397
210980012,2025,normal,normal,1,20.3,0.9899554,0.009370225,0.0006743094
221120045,2015,afectada,afectada,1,46.1,0.03904099,0.22668906,0.73427
241050045,2023,normal,normal,1,2.5,0.9997744,7.647229e-05,0.00014919681
241050067,2020,normal,normal,1,8.0,0.99760604,0.000629169,0.001764745
210980012,2022,normal,normal,1,13.0,0.9904603,0.008969516,0.00057021296
210970015,2019,normal,normal,1,8.0,0.995433,3.4955643e-05,0.0045321225
231050020,2016,afectada,afectada,1,57.6,4.501648e-05,0.00026385565,0.9996911
241120074,2021,riesgo,riesgo,1,30.0,0.011585335,0.8638227,0.12459196
231070081,2021,afectada,afectada,1,98.0,0.0007618087,0.00039796586,0.9988403
210980206,2020,afectada,afectada,1,47.0,0.0018052165,0.0072251367,0.9909697
220950084,2020,afectada,afectada,1,54.0,0.00030252687,0.0006604544,0.999037
221040043,2023,afectada,afectada,1,49.5,0.0027118467,0.0017762401,0.99551183
221020024,2017,riesgo,riesgo,1,31.8,0.0023781694,0.9101349,0.08748693
231030090,2025,riesgo,normal,0,26.3,0.96316326,0.033795953,0.0030407505
231050020,2022,afectada,afectada,1,57.0,0.00011155046,0.00014152414,0.999747
241140065,2021,afectada,afectada,1,47.0,0.04798971,0.02090708,0.9311032
210980214,2017,riesgo,afectada,0,31.5,0.011509889,0.48986605,0.498624
221020012,2022,riesgo,riesgo,1,26.0,0.0052197203,0.9884086,0.006371651
221130009,2021,normal,normal,1,3.0,0.9984586,0.00046987092,0.001071468
231020105,2022,normal,normal,1,5.0,0.99619824,0.0004225331,0.0033792139
221060091,2021,afectada,afectada,1,43.0,0.080901965,0.010926036,0.908172
210970015,2017,normal,normal,1,9.98,0.5801762,0.07396351,0.34586036
221020012,2018,riesgo,afectada,0,29.7,0.029377693,0.31605017,0.6545722
220950005,2025,afectada,afectada,1,112.6,0.0013665092,0.01596858,0.9826649
211020002,2020,afectada,afectada,1,106.0,0.0011905959,7.667063e-05,0.99873275
231030091,2023,afectada,afectada,1,80.0,0.0027631668,0.0062401844,0.9909966
251160072,2023,riesgo,normal,0,31.0,0.57503825,0.37469783,0.050263908
231070139,2015,afectada,afectada,1,215.0,4.338315e-05,3.9339113e-05,0.99991727
211020002,2024,afectada,afectada,1,145.0,0.00095344364,0.00013816917,0.9989084
241130002,2024,normal,normal,1,19.7,0.9980502,0.0017233113,0.00022647993
251160078,2025,riesgo,afectada,0,33.8,0.053316187,0.15857852,0.7881053
221060002,2019,riesgo,normal,0,26.0,0.8882627,0.014830293,0.096907035
210980020,2024,normal,afectada,0,17.9,0.20209987,0.353614,0.4442861
241160069,2016,normal,normal,1,4.56,0.9929588,0.0008568754,0.0061843474
221130009,2025,normal,normal,1,3.9,0.99851376,0.0012510672,0.00023514839
211040003,2015,afectada,afectada,1,94.5,0.00015143058,0.0001993095,0.9996493
220950053,2025,afectada,afectada,1,121.2,0.0003014084,0.0025280674,0.9971705
221060002,2017,afectada,afectada,1,38.1,0.44952512,0.004514714,0.5459602
241160181,2017,afectada,afectada,1,97.5,0.0020241416,0.00044908185,0.9975268
221020012,2019,riesgo,riesgo,1,31.0,0.00048875005,0.99515164,0.0043596476
220950084,2018,afectada,afectada,1,48.8,0.0014055594,0.0048140045,0.99378043
231010130,2023,afectada,afectada,1,60.0,0.0006323997,0.00056781055,0.9987998
231020155,2022,afectada,afectada,1,46.0,0.00074605574,0.0037336992,0.99552023
210980012,2020,normal,normal,1,16.0,0.9991684,0.0003010418,0.00053054525
210970015,2024,normal,normal,1,2.5,0.9972801,0.0013074945,0.0014123601
210980012,2025,normal,normal,1,21.9,0.9978998,0.0019533203,0.00014694511
251220026,2024,riesgo,riesgo,1,34.3,0.00634745,0.9098826,0.083769925
221060091,2016,afectada,afectada,1,50.9,0.0054955487,0.0067941137,0.9877103
241160069,2024,normal,normal,1,2.52,0.99913687,0.00041579752,0.00044740379
221030044,2025,afectada,afectada,1,66.4,0.0026160516,0.1041304,0.8932535
241160255,2021,afectada,afectada,1,45.0,0.0072839563,0.07680628,0.91590977
220950053,2023,afectada,afectada,1,69.0,0.00042101665,0.0012355972,0.99834335
211040583,2015,afectada,afectada,1,86.8,0.00013265584,0.00022670739,0.9996406
241120074,2015,afectada,riesgo,0,57.2,0.14906801,0.7655454,0.08538656
221030027,2016,afectada,afectada,1,297.0,0.00054854207,0.19022372,0.80922776
210980012,2016,normal,normal,1,8.49,0.9975032,0.0017916835,0.0007050468
231070139,2016,afectada,afectada,1,210.0,1.4653455e-05,0.00022738818,0.99975795
221040004,2020,afectada,afectada,1,76.6,1.78628e-05,0.0003153474,0.9996668
210980214,2025,normal,normal,1,22.5,0.9577449,0.021065736,0.021189304
211040003,2019,afectada,afectada,1,90.0,0.00023144795,0.00012311031,0.9996455
231060003,2025,afectada,afectada,1,54.2,0.0013966924,0.013009545,0.98559374
231030091,2024,afectada,afectada,1,57.0,0.010751319,0.0008028676,0.98844576
251150055,2022,normal,normal,1,9.0,0.98700154,0.0028196753,0.010178749
241330041,2020,riesgo,afectada,0,25.0,0.01623729,0.487155,0.49660778
241120074,2019,afectada,riesgo,0,44.7,0.07808526,0.58544123,0.3364735
231050020,2023,afectada,afectada,1,46.5,0.0010621379,0.00017432288,0.99876356
210980017,2017,afectada,afectada,1,115.0,0.00028553052,0.0013745775,0.9983399
231030090,2023,normal,riesgo,0,20.6,0.09975997,0.8875828,0.012657211
221020012,2015,riesgo,riesgo,1,34.2,0.00075396645,0.9964306,0.002815524
241160181,2022,afectada,afectada,1,70.0,0.005067397,0.0053320075,0.9896006
210980114,2025,afectada,afectada,1,69.6,0.011581564,0.020372417,0.96804607
221030031,2025,riesgo,afectada,0,33.8,0.08151774,0.00044764837,0.91803455
241050067,2025,normal,normal,1,5.9,0.9924355,0.006640311,0.00092417636
210980017,2017,afectada,afectada,1,110.0,0.00014404704,0.0001147157,0.99974126
221280002,2021,normal,normal,1,2.5,0.99984527,5.0915274e-05,0.00010376379
231070081,2016,afectada,afectada,1,113.0,0.00013279771,0.00051177945,0.9993554
211040003,2022,afectada,afectada,1,93.0,0.00021954584,0.0012855063,0.998495
211020002,2015,afectada,afectada,1,184.0,0.0008976914,0.00015230467,0.99895006
241330041,2025,afectada,afectada,1,60.1,0.06864863,0.066485584,0.8648658
241050067,2022,normal,normal,1,20.0,0.9959527,0.0028191973,0.0012280565
241130030,2025,normal,normal,1,5.0,0.99232626,0.00670015,0.0009736703
220960018,2025,normal,normal,1,21.9,0.5751571,0.094347574,0.3304953
231020159,2017,riesgo,riesgo,1,29.6,0.013539236,0.49955896,0.48690185
231070139,2023,afectada,afectada,1,198.0,0.00016666522,0.00023511657,0.9995982
241160069,2019,normal,normal,1,4.0,0.99414575,0.004061053,0.0017931206
220950084,2025,afectada,afectada,1,57.9,0.04731547,0.14477699,0.8079075
211030763,2015,normal,normal,1,10.4,0.9788128,0.013612609,0.007574593
241160255,2019,afectada,afectada,1,45.0,0.006417094,0.00149079,0.99209213
210980114,2025,afectada,afectada,1,52.2,0.00036446896,0.022959495,0.97667605
241180002,2025,afectada,afectada,1,219.5,0.0038904946,0.03359442,0.9625151
221040004,2016,afectada,afectada,1,142.0,2.5802445e-05,8.648455e-05,0.9998877
231060003,2015,afectada,afectada,1,94.0,6.80147e-05,0.00014327458,0.9997887
210960027,2021,riesgo,afectada,0,32.0,0.26142898,0.002427024,0.736144
210980012,2017,normal,normal,1,8.9,0.99753475,0.0018631514,0.00060204265
241150028,2015,normal,normal,1,4.13,0.99334234,0.00061595056,0.006041744
210980012,2021,normal,normal,1,18.0,0.9996468,0.00025081215,0.00010234463
210980206,2016,afectada,afectada,1,50.4,0.064320095,0.16063459,0.77504534
210980214,2015,riesgo,afectada,0,32.3,0.092739485,0.018103536,0.88915694
220950005,2019,afectada,afectada,1,113.8,0.00025670815,5.7215184e-05,0.9996861
221030030,2021,afectada,afectada,1,65.0,0.000102543585,0.0015288519,0.9983687
210940011,2025,normal,normal,1,2.9,0.6876236,0.00090114045,0.31147525
251220026,2023,riesgo,riesgo,1,34.3,0.0013943644,0.9024911,0.09611449
210980020,2023,riesgo,afectada,0,33.4,0.012625432,0.039828952,0.9475456
251160035,2024,riesgo,riesgo,1,35.6,0.0032736443,0.95228475,0.044441536
210980206,2022,riesgo,normal,0,35.0,0.50714797,0.21310619,0.27974582
241230015,2021,normal,normal,1,23.0,0.99786407,0.00035803072,0.0017778706
231050145,2021,normal,riesgo,0,16.0,0.18851443,0.79351294,0.0179726
221120045,2025,riesgo,riesgo,1,30.5,0.1913572,0.80152893,0.007113844
221020012,2024,normal,riesgo,0,23.7,0.024510259,0.9191777,0.05631199
241280001,2022,normal,normal,1,2.5,0.9982457,0.0008803637,0.0008739101
210970033,2025,riesgo,afectada,0,34.7,0.28266385,0.00086499384,0.71647114
210980248,2024,afectada,afectada,1,148.0,0.0048792665,0.003531153,0.9915896
211040524,2024,afectada,afectada,1,138.0,0.051572282,0.0095637785,0.9388639
241120074,2025,riesgo,riesgo,1,26.2,0.0009384027,0.96671104,0.032350514
211020002,2016,afectada,afectada,1,117.0,0.0007329157,0.00022292462,0.9990441
221040004,2019,afectada,afectada,1,97.5,0.0002007955,0.0011144103,0.9986848
231020159,2020,normal,afectada,0,17.0,0.017844182,0.026544413,0.95561135
231030063,2016,afectada,afectada,1,154.0,4.92966e-05,0.0001294272,0.99982125
211020172,2018,afectada,afectada,1,88.5,2.2747994e-05,2.3232944e-05,0.999954
231050145,2019,riesgo,riesgo,1,28.0,0.33524612,0.66000235,0.004751561
251220026,2023,riesgo,afectada,0,30.5,0.009419144,0.44151193,0.5490689
231030063,2016,afectada,afectada,1,171.0,1.4803277e-05,0.00018372649,0.99980146
211040003,2024,afectada,afectada,1,67.0,0.003239144,0.0020145418,0.9947463
221020012,2023,afectada,afectada,1,45.4,0.0053086947,0.0211265,0.9735648
211040003,2015,afectada,afectada,1,99.4,2.6253532e-05,2.773235e-05,0.999946
251160078,2025,afectada,normal,0,50.3,0.9449453,0.041206826,0.0138478745
231030088,2017,normal,normal,1,5.1,0.9654664,0.03120074,0.0033328494
210980017,2020,afectada,afectada,1,97.0,0.00020433808,0.00025860628,0.9995371
231030063,2023,afectada,afectada,1,176.0,0.0002669208,0.0016281204,0.99810493
231180025,2025,normal,normal,1,5.0,0.98727417,0.00077834766,0.011947465
221040004,2017,afectada,afectada,1,79.2,6.075362e-05,0.00023199154,0.9997073
241160207,2017,normal,normal,1,7.4,0.9996784,0.00019225304,0.00012938623
241160069,2025,normal,normal,1,3.5,0.9990403,0.0007796863,0.00017992622
211020002,2015,afectada,afectada,1,117.0,0.0009397678,6.254793e-05,0.99899775
231030088,2020,normal,normal,1,13.0,0.99902844,0.00052130775,0.00045023893
231010130,2020,afectada,afectada,1,97.0,0.00021338802,5.179428e-05,0.9997348
231020155,2015,afectada,afectada,1,102.0,0.0030487734,0.039741874,0.9572094
210980017,2018,afectada,afectada,1,111.7,4.493625e-05,0.00016526716,0.9997898
221040004,2025,afectada,afectada,1,78.6,4.494808e-05,0.00033687922,0.9996182
241280020,2023,normal,normal,1,2.5,0.9960985,0.0032617652,0.00063974573
210980020,2021,riesgo,riesgo,1,30.0,0.012504866,0.8289747,0.15852048
221030030,2022,afectada,afectada,1,62.0,2.056744e-05,1.5593836e-05,0.9999639
221020024,2020,afectada,riesgo,0,39.0,0.00052729034,0.8530947,0.14637798
231030088,2020,normal,normal,1,6.0,0.9938844,0.0024366206,0.0036789735
211030763,2023,normal,normal,1,9.5,0.9995709,0.00014015472,0.00028888337
221030030,2017,afectada,afectada,1,93.6,0.0001101251,0.0035377552,0.9963521
231030063,2020,afectada,afectada,1,187.0,0.00041852667,0.000714244,0.9988673
210980017,2020,afectada,afectada,1,99.0,0.000244257,1.5330872e-05,0.9997404
241160069,2017,normal,normal,1,4.46,0.99147195,0.0017110703,0.0068170032
241160207,2025,normal,normal,1,1.0,0.9996302,0.0001390675,0.00023067537
231080029,2020,afectada,afectada,1,61.0,7.525498e-05,6.819989e-05,0.9998565
231180025,2021,normal,normal,1,2.5,0.99811304,0.00044627456,0.0014407182
241140065,2025,riesgo,riesgo,1,35.7,0.023494434,0.8448673,0.13163827
221040043,2018,afectada,afectada,1,64.1,0.0007761538,0.00013733128,0.9990865
241140065,2025,riesgo,afectada,0,36.1,0.22084798,0.13394971,0.64520234
241160255,2023,riesgo,riesgo,1,34.1,0.008377612,0.7157501,0.2758723
221040043,2025,afectada,afectada,1,59.3,0.0017677966,0.028819254,0.9694129
211040583,2015,afectada,afectada,1,64.9,0.00040284367,0.0051271077,0.99447
231010130,2018,afectada,afectada,1,84.7,3.681556e-05,8.4313855e-05,0.9998789
241160146,2015,normal,normal,1,8.69,0.9807653,0.0019035751,0.017331168
231030088,2016,normal,normal,1,8.61,0.99557143,0.0035025517,0.0009260512
221060091,2024,afectada,afectada,1,43.5,0.23392178,0.009438151,0.7566401
220960018,2020,afectada,afectada,1,76.0,0.004616467,0.0035453956,0.99183816
210980020,2019,afectada,afectada,1,79.0,0.007570674,0.025807688,0.9666216
221120045,2025,riesgo,riesgo,1,33.9,0.033327006,0.9594945,0.0071785003
210980114,2020,afectada,afectada,1,52.0,0.00019891224,0.0029479598,0.9968532
211040588,2019,afectada,afectada,1,40.5,0.0073467544,0.022641923,0.9700113
210980214,2017,normal,normal,1,18.6,0.7334995,0.0489586,0.21754189
231240007,2025,normal,normal,1,1.1,0.9997781,3.0220997e-05,0.00019174558
231030091,2017,afectada,afectada,1,63.1,0.0007884053,0.0041754935,0.99503607
251160035,2021,riesgo,riesgo,1,35.1,0.003931137,0.95325917,0.042809695
231020155,2021,afectada,afectada,1,41.0,0.001868588,0.03780223,0.9603292
221230018,2016,normal,normal,1,0.43,0.9993031,0.00045004953,0.0002468661
221020012,2023,normal,riesgo,0,20.7,0.032676775,0.915126,0.052197162
241060011,2016,normal,normal,1,2.73,0.99951184,0.00022289374,0.0002652635
231020155,2020,afectada,afectada,1,50.0,0.006743406,0.096826285,0.89643025
210980012,2024,normal,normal,1,5.6,0.9997609,0.00020187463,3.718576e-05
241140065,2021,afectada,riesgo,0,42.0,0.02437605,0.85353476,0.12208913
211040003,2020,afectada,afectada,1,80.0,0.00043622532,4.9274095e-05,0.99951446
241150187,2019,normal,normal,1,15.2,0.99981326,2.1640382e-05,0.00016513681
231030088,2025,normal,normal,1,7.0,0.999711,0.00014188851,0.00014712509
231030088,2019,normal,normal,1,11.65,0.9943037,0.0038677608,0.001828519
231030088,2015,normal,normal,1,13.3,0.9745172,0.013913056,0.011569687
221080061,2025,afectada,afectada,1,63.0,0.013900157,0.0016635358,0.9844363
221040004,2021,afectada,afectada,1,79.8,2.0967784e-05,4.913889e-05,0.9999299
221040043,2020,afectada,afectada,1,79.0,0.037027594,0.007150752,0.95582163
221030027,2017,afectada,afectada,1,172.0,0.00043006192,0.001374263,0.9981957
211020002,2019,afectada,afectada,1,110.0,0.0005559245,0.0001632438,0.99928087
210970015,2016,afectada,normal,0,68.0,0.98083514,0.0060369372,0.013127896
210960027,2024,normal,normal,1,18.6,0.8420824,0.08371586,0.07420179
210980017,2015,afectada,afectada,1,122.0,8.768512e-05,8.0725564e-05,0.99983156
210960027,2019,riesgo,afectada,0,31.9,0.20936258,0.0029910766,0.7876463
210980214,2019,normal,normal,1,24.0,0.94376874,0.0075170496,0.04871428
241160189,2017,normal,normal,1,2.8,0.9991411,6.035492e-05,0.00079850026
231070081,2015,afectada,afectada,1,107.0,6.7234636e-05,0.00019046063,0.9997423
241330041,2015,afectada,afectada,1,46.1,0.10068577,0.423329,0.47598526
251150055,2021,normal,normal,1,8.0,0.98738503,0.0009694195,0.011645589
231030090,2023,riesgo,normal,0,25.7,0.94695055,0.04177076,0.011278675
221040043,2016,afectada,afectada,1,79.4,0.0030591367,0.017255045,0.97968584
221020087,2025,afectada,afectada,1,104.2,0.37696552,0.076928556,0.54610586
241160255,2019,afectada,afectada,1,44.0,0.009258914,0.13582678,0.8549143
210980206,2025,riesgo,afectada,0,37.5,0.029998852,0.02255777,0.9474434
251150055,2024,normal,normal,1,8.0,0.99901545,0.0007242888,0.0002602115
221040004,2016,afectada,afectada,1,156.0,3.1128548e-05,0.00014160463,0.9998273
210980017,2019,afectada,afectada,1,98.7,0.0015539544,0.00031451974,0.9981316
241160069,2022,normal,normal,1,5.0,0.992269,0.00020652986,0.007524515
231080029,2025,afectada,afectada,1,77.4,0.0007295144,0.0065624504,0.992708
241160069,2023,normal,normal,1,3.6,0.98976034,0.009174797,0.0010648002
210980114,2022,afectada,afectada,1,52.0,0.006941241,0.405518,0.5875408
220950084,2019,afectada,afectada,1,53.0,0.0007647368,0.0006496783,0.9985856
210970015,2020,afectada,afectada,1,43.0,0.024352042,0.0053967447,0.97025126
221040004,2024,afectada,afectada,1,91.0,6.9622045e-05,0.0042749443,0.9956554
221120006,2021,normal,normal,1,2.5,0.72029454,0.07673437,0.2029711
211020002,2025,afectada,afectada,1,131.7,0.0012094752,0.00074922654,0.9980413
221030031,2022,afectada,afectada,1,84.0,0.0016273813,4.9192808e-05,0.9983234
220950053,2025,afectada,afectada,1,132.5,0.00015257036,0.0001363211,0.9997111
220950053,2022,afectada,afectada,1,94.0,0.00080218836,0.00081106974,0.99838674
241050067,2019,normal,normal,1,13.0,0.991454,0.0070935697,0.0014524747
220950084,2024,riesgo,afectada,0,31.9,0.01951447,0.029756008,0.95072955
210980206,2023,riesgo,afectada,0,25.5,0.28879806,0.07064403,0.6405579
241220031,2021,normal,normal,1,6.0,0.99984133,3.65857e-05,0.00012209524
220950005,2022,afectada,afectada,1,103.0,0.0010660491,0.0008129262,0.99812096
221060091,2017,afectada,afectada,1,45.7,0.001510759,0.014668747,0.98382044
221020012,2019,riesgo,riesgo,1,31.0,0.0022783948,0.99470323,0.0030184127
241160255,2015,afectada,afectada,1,96.8,0.0005892559,0.00027511033,0.9991357
210980012,2021,normal,normal,1,8.0,0.99457115,0.005281331,0.00014753058
231070139,2021,afectada,afectada,1,207.0,0.0003342659,0.004892357,0.99477345
210980012,2023,normal,normal,1,10.3,0.99790454,0.0020035303,9.1949325e-05
221020012,2015,afectada,riesgo,0,65.1,0.0012790323,0.9080512,0.09066976
221020024,2019,afectada,riesgo,0,40.0,0.00014923577,0.9610994,0.038751386
210920002,2023,normal,normal,1,2.5,0.9982211,0.00040576488,0.0013731293
210970015,2021,normal,normal,1,12.0,0.999092,0.00021358377,0.00069438544
241170058,2025,normal,normal,1,2.5,0.99756986,0.0018726183,0.00055746175
221210014,2025,normal,normal,1,5.2,0.99963963,0.00021343792,0.00014695417
241280020,2021,normal,normal,1,2.5,0.98008406,0.0026124571,0.017303437
251150038,2021,riesgo,normal,0,32.0,0.6481147,0.34570017,0.006185117
210980012,2015,normal,normal,1,11.0,0.99327624,0.0054849368,0.0012388399
221030030,2021,afectada,afectada,1,51.0,6.6550194e-05,0.010044775,0.9898887
211120001,2016,normal,normal,1,3.45,0.99943644,0.00018260296,0.00038088698
221280002,2023,normal,normal,1,2.5,0.99938583,0.00048217067,0.00013198258
221020024,2018,afectada,afectada,1,54.4,6.2994135e-05,0.0013177587,0.9986192
221030031,2024,afectada,afectada,1,57.0,0.030990334,0.0020847635,0.96692485
241130030,2022,normal,normal,1,8.0,0.9912464,0.001637263,0.0071162814
241330041,2022,afectada,afectada,1,60.0,0.062694386,0.05135246,0.8859531
241150187,2016,normal,normal,1,12.2,0.99941885,7.347799e-05,0.0005076546
211040003,2018,afectada,afectada,1,79.1,2.711865e-05,3.9198017e-05,0.9999337
220950053,2018,afectada,afectada,1,100.0,0.00012474626,0.000113174705,0.9997621
241160255,2020,afectada,afectada,1,46.0,0.0036248385,0.0044383192,0.9919369
211040588,2023,afectada,afectada,1,45.5,0.0003162639,0.0012601562,0.9984236
221040043,2017,normal,afectada,0,21.1,0.0023177827,0.040613744,0.95706844
210980114,2019,afectada,afectada,1,40.1,0.0025210688,0.0049629654,0.992516
210980012,2015,riesgo,normal,0,31.8,0.9811385,0.006186231,0.012675171
241230015,2025,normal,normal,1,14.3,0.9685177,0.023374055,0.008108247
211040003,2017,afectada,afectada,1,80.0,0.00025097228,0.0018993099,0.9978497
211020002,2016,afectada,afectada,1,126.0,0.0005462586,0.00012812909,0.99932563
210980012,2020,normal,normal,1,10.0,0.99852246,0.0014003875,7.7155775e-05
221040004,2025,afectada,afectada,1,71.4,3.3413984e-05,0.000621021,0.9993456
241150030,2016,normal,normal,1,2.17,0.9989479,0.0008005778,0.00025151268
211040587,2022,afectada,afectada,1,121.0,0.00023312338,0.00038609173,0.9993807
210980017,2021,afectada,afectada,1,98.0,0.0016157401,0.0015396201,0.99684465
241160255,2021,afectada,afectada,1,40.0,0.04296263,0.028147815,0.9288895
231030063,2021,afectada,afectada,1,213.0,0.0011133153,0.0071225986,0.991764
241160255,2025,riesgo,riesgo,1,31.3,0.0018481275,0.8552332,0.14291863
211120001,2025,normal,normal,1,4.6,0.99900633,0.00044065528,0.00055302057
211040583,2016,afectada,afectada,1,67.4,6.196684e-05,0.0001723139,0.9997657
221020012,2016,riesgo,riesgo,1,30.1,0.050107285,0.9185145,0.03137822
241220031,2019,normal,normal,1,8.69,0.99952996,8.224386e-05,0.0003877609
221080061,2019,afectada,afectada,1,64.3,0.02970802,0.0006634093,0.9696286
231070081,2018,afectada,afectada,1,89.5,6.053028e-05,1.8405071e-05,0.9999211
221120045,2016,afectada,afectada,1,46.8,0.007333634,0.08910243,0.9035639
241130002,2021,normal,normal,1,19.0,0.9963367,0.0029322456,0.0007310961
220960018,2016,normal,afectada,0,8.95,0.18204965,0.22592051,0.5920298
211040587,2024,afectada,afectada,1,82.0,0.001820162,0.0049313977,0.99324846
210980114,2020,afectada,afectada,1,46.0,0.0034189338,0.0039336546,0.9926474
241160255,2017,afectada,afectada,1,50.9,0.002241822,0.0008249971,0.9969332
241050067,2024,normal,normal,1,2.5,0.9994411,0.0003287577,0.00023012137
220960018,2015,afectada,afectada,1,50.7,0.005755085,0.00062695117,0.993618
211020172,2015,afectada,afectada,1,135.0,4.88464e-05,9.29118e-05,0.99985826
221040004,2017,afectada,afectada,1,107.0,2.1008631e-05,9.789138e-05,0.999881
221020012,2017,riesgo,riesgo,1,29.3,0.0012937594,0.9857895,0.012916798
210980214,2016,normal,normal,1,20.4,0.8092416,0.07266801,0.11809036
211040003,2019,afectada,afectada,1,98.9,0.0006851894,0.00014228447,0.9991725
231030063,2025,afectada,afectada,1,182.0,0.00024632533,0.0005110492,0.99924266
210980214,2023,normal,normal,1,15.7,0.9690021,0.02961925,0.0013786219
210980214,2020,afectada,afectada,1,39.0,0.17103276,0.012564538,0.81640273
221020024,2021,riesgo,afectada,0,28.0,0.0023920066,0.026417976,0.97119
210980012,2017,normal,normal,1,11.9,0.99581844,0.002106374,0.0020751932
221040004,2018,afectada,afectada,1,63.4,1.1184098e-05,6.551312e-05,0.99992335
221160027,2016,normal,normal,1,1.26,0.99921393,0.00054944603,0.00023658891
210960027,2019,normal,afectada,0,18.0,0.010836684,0.051082682,0.93808067
211030763,2017,normal,normal,1,14.5,0.9986523,0.00022593701,0.0011218039
231030090,2017,riesgo,afectada,0,32.3,0.402818,0.1081348,0.4890472
241060011,2015,normal,normal,1,4.39,0.963564,0.034695487,0.0017405492
231070139,2023,afectada,afectada,1,192.0,0.00022277198,0.0036749563,0.99610233
241050067,2016,normal,normal,1,21.3,0.983238,0.008525997,0.008236021
231060003,2025,afectada,afectada,1,51.9,4.799584e-05,0.00031736342,0.9996346
241160252,2017,normal,normal,1,17.8,0.99792045,0.0004982754,0.001581257
221040043,2025,afectada,afectada,1,51.9,0.009208144,0.020068511,0.9707234
221020012,2025,riesgo,riesgo,1,25.8,0.017449163,0.98131704,0.0012338611
251160078,2023,normal,riesgo,0,17.3,0.1573607,0.82319194,0.019447336
251160072,2025,normal,riesgo,0,18.9,0.010067606,0.6429102,0.34702224
231080029,2015,afectada,afectada,1,87.8,0.00072540675,0.00033753275,0.9989371
231070139,2022,afectada,afectada,1,210.0,5.0701765e-05,0.00043801835,0.99951124
221210013,2016,normal,normal,1,1.02,0.99934,0.00047235715,0.00018763499
221020012,2020,riesgo,riesgo,1,29.0,0.010452598,0.9752901,0.0142573025
221120006,2016,normal,normal,1,1.31,0.98502165,0.011400453,0.003577873
241160207,2017,normal,normal,1,10.0,0.9991191,0.00043028512,0.00045060564
210980020,2015,afectada,afectada,1,47.6,0.00048545023,0.21965927,0.77985525
210980114,2015,afectada,afectada,1,63.9,0.00059934426,0.042597424,0.95680326
241160181,2016,afectada,afectada,1,97.3,0.0017379685,0.00017443515,0.9980876
221160027,2025,normal,normal,1,1.7,0.99938405,0.00036339153,0.00025257215
231060003,2025,afectada,afectada,1,95.0,0.00054400205,0.007014644,0.9924414
220950053,2016,afectada,afectada,1,77.6,0.00021967577,0.0001721662,0.9996082
210980017,2025,afectada,afectada,1,98.3,0.0020624977,0.00012673847,0.9978108
231050145,2017,riesgo,riesgo,1,28.2,0.055220507,0.9342843,0.010495148
210980114,2016,afectada,afectada,1,41.1,0.0022372159,0.016441068,0.98132175
251160035,2025,afectada,riesgo,0,41.8,0.040056154,0.94712967,0.0128141735
211030763,2015,normal,normal,1,6.7,0.9974118,0.0006570655,0.0019311153
241220031,2022,normal,normal,1,6.0,0.99977547,6.649518e-05,0.00015802556
231020159,2023,riesgo,riesgo,1,27.0,0.01004762,0.8362456,0.15370679
221020087,2024,afectada,afectada,1,120.0,0.0057318956,0.00018535547,0.99408275
210980114,2019,afectada,afectada,1,41.0,0.0018555138,0.00072659185,0.9974179
241160069,2020,normal,normal,1,5.0,0.99807715,0.000107004125,0.0018158584
220950053,2018,afectada,afectada,1,101.0,0.00023877357,0.00011922687,0.999642
241260021,2015,normal,normal,1,18.7,0.9935395,0.004748671,0.001711785
241160255,2018,afectada,afectada,1,70.1,0.0076123527,0.12376562,0.86862206
210980017,2024,afectada,afectada,1,72.0,0.0017482574,0.0060246587,0.9922271
241050067,2017,normal,normal,1,20.0,0.9913201,0.005186639,0.003493257
241220031,2020,normal,normal,1,5.0,0.9997882,0.000106485364,0.00010526394
221030031,2019,afectada,afectada,1,65.3,0.0022540684,0.010984316,0.9867617
231030091,2017,afectada,afectada,1,44.5,0.008476601,0.019140445,0.97238296
221040043,2021,afectada,afectada,1,66.0,0.02341656,0.0040303553,0.97255313
221030044,2023,afectada,afectada,1,80.0,0.00067789026,0.000942201,0.99837995
211040524,2025,afectada,afectada,1,152.2,0.0012606881,0.0009191477,0.99782014
210980114,2016,afectada,afectada,1,54.9,0.00029194637,0.0014237507,0.9982843
241160207,2019,normal,normal,1,13.02,0.9996562,0.00013078284,0.00021301117
231020155,2020,riesgo,riesgo,1,34.0,0.00092690036,0.97490954,0.024163568
221060091,2022,afectada,afectada,1,40.0,0.1685971,0.0147731155,0.81662977
241060011,2019,normal,normal,1,8.08,0.99967027,0.00020091333,0.00012887831
210980012,2019,normal,normal,1,14.21,0.99118024,0.004928143,0.003891651
220950053,2020,afectada,afectada,1,78.7,0.00018839828,0.00030395432,0.99950767
210980012,2021,normal,normal,1,8.0,0.99427044,0.005573914,0.0001557036
211020172,2025,afectada,afectada,1,129.6,0.0001493788,8.550881e-05,0.9997651
241150028,2019,normal,normal,1,4.33,0.9976076,0.00049095554,0.0019014523
211040003,2025,afectada,afectada,1,117.5,0.0002648379,8.001214e-05,0.9996551
221030030,2018,afectada,afectada,1,66.1,9.677965e-05,0.0002525367,0.9996507
241220031,2017,normal,normal,1,4.9,0.99955827,0.00013694064,0.00030474295
251150038,2025,riesgo,riesgo,1,30.0,0.11519535,0.88188314,0.0029215487
231050145,2023,riesgo,riesgo,1,25.6,0.25644627,0.72981906,0.013734679
211030008,2025,normal,normal,1,1.8,0.9992211,0.000484349,0.00029458725
210980020,2023,afectada,riesgo,0,48.8,0.14111905,0.5293953,0.32948565
211120001,2023,normal,normal,1,5.6,0.9995442,0.00018974581,0.00026602778
231020155,2016,afectada,afectada,1,76.8,0.0009926383,0.041178595,0.95782876
241060011,2019,normal,normal,1,3.2,0.9998227,6.209318e-05,0.00011530407
221030030,2025,afectada,afectada,1,44.8,0.00033226135,0.082469776,0.91719794
210980012,2023,normal,normal,1,10.3,0.99710196,0.0027997182,9.828197e-05
220950084,2023,afectada,afectada,1,39.6,0.00536087,0.2008715,0.79376763
251220026,2022,riesgo,afectada,0,35.0,0.051291037,0.14182718,0.8068818
211040587,2018,afectada,afectada,1,81.2,0.00042039348,2.7483826e-05,0.9995521
241220031,2019,normal,normal,1,6.0,0.99938154,0.00039085167,0.00022758172
241150030,2017,normal,normal,1,3.84,0.9989151,0.00018253851,0.0009023898
231030088,2023,normal,normal,1,8.8,0.97902894,0.018569466,0.0024015668
221120045,2019,afectada,afectada,1,39.4,0.025083516,0.012143879,0.9627726
221060002,2016,normal,riesgo,0,22.8,0.07377821,0.91787344,0.008348279
241220031,2020,normal,normal,1,6.0,0.9995497,3.052032e-05,0.00041980454
211040587,2023,afectada,afectada,1,106.0,0.0036884996,0.0015289783,0.9947825
221040004,2019,afectada,afectada,1,71.9,5.273307e-05,0.00052732014,0.9994199
210940011,2021,normal,normal,1,3.4,0.92137593,0.001508166,0.0771159
251150038,2023,riesgo,riesgo,1,25.1,0.19081843,0.80561054,0.0035710481
211120001,2021,normal,normal,1,5.0,0.9956201,0.00022305285,0.0041568577
211030763,2017,normal,normal,1,4.63,0.9979553,0.00012694142,0.0019177202
231010130,2021,afectada,afectada,1,79.0,0.0009762802,0.0036194976,0.99540424
231050020,2025,afectada,afectada,1,42.5,0.004427653,0.00042436807,0.995148
231080029,2016,afectada,afectada,1,58.5,3.068928e-05,2.2196273e-05,0.9999471
231030091,2020,afectada,afectada,1,66.0,0.0588,0.13988501,0.801315
220950053,2023,afectada,afectada,1,78.0,0.0031610536,0.0008236536,0.99601525
210980012,2019,normal,normal,1,8.0,0.99976474,0.0001872886,4.7991423e-05
210970015,2015,afectada,normal,0,87.6,0.44814938,0.2467751,0.30507553
221030030,2024,afectada,afectada,1,54.0,0.0012326376,0.0017889221,0.9969784
220950084,2015,afectada,afectada,1,56.6,0.00050856854,0.0009772136,0.99851424
231020159,2017,riesgo,riesgo,1,25.2,0.019048812,0.8480116,0.13293953
210980017,2023,afectada,afectada,1,88.0,0.0016840689,0.00023343596,0.9980825
231030088,2021,normal,normal,1,12.0,0.99855787,0.0009951757,0.00044694074
221030030,2023,afectada,afectada,1,53.0,0.0017905671,0.00380604,0.99440336
210980214,2015,afectada,riesgo,0,61.5,0.026605587,0.72306573,0.2503287
241170058,2024,normal,normal,1,2.5,0.99921227,0.00051992666,0.0002678078
221040043,2017,afectada,afectada,1,46.5,0.002316465,0.010205192,0.9874784
210960027,2025,afectada,afectada,1,53.0,0.21419635,0.07040491,0.7153987
231020155,2023,riesgo,afectada,0,26.7,0.040525597,0.06268807,0.8967863
221030030,2017,afectada,afectada,1,50.3,0.0017588537,0.022777043,0.9754641
221030044,2021,afectada,afectada,1,124.0,0.0005417973,0.00026199006,0.99919623
211020172,2021,afectada,afectada,1,112.0,0.001117926,0.00044077114,0.9984413
241150187,2015,normal,normal,1,11.8,0.9994764,4.485016e-05,0.00047880792
210980012,2016,normal,normal,1,20.4,0.99845505,0.00031427352,0.0012306678
210970015,2022,normal,normal,1,10.0,0.930825,0.017256975,0.051918063
210970015,2023,normal,normal,1,2.5,0.9825218,0.0015953872,0.015882848
231030063,2018,afectada,afectada,1,148.1,5.5578927e-05,0.00024369845,0.9997008
220950084,2015,afectada,afectada,1,69.3,0.001295701,0.011347083,0.98735726
210980012,2018,riesgo,normal,0,26.8,0.9987954,0.00034970033,0.00085487193
221030044,2024,afectada,afectada,1,52.0,0.019878125,0.011105631,0.96901625
220950053,2019,afectada,afectada,1,101.0,0.00034138482,0.00031034581,0.9993482
241130002,2025,normal,normal,1,11.3,0.9953941,0.0038189897,0.0007869012
231060003,2017,afectada,afectada,1,64.9,0.00021963494,0.0005352424,0.99924517
241160181,2023,afectada,afectada,1,61.0,0.012031358,0.011814673,0.9761539
241150028,2017,normal,normal,1,2.5,0.99729854,5.8977294e-05,0.00264255
241220031,2021,normal,normal,1,6.0,0.9998766,5.7720972e-05,6.562486e-05
241160255,2015,afectada,afectada,1,64.1,0.0020590648,0.021092193,0.97684866
221120006,2023,normal,normal,1,2.91,0.99079,0.0068300613,0.0023798514
211030763,2024,normal,normal,1,2.5,0.99966955,7.862383e-05,0.0002518058
231020155,2021,riesgo,riesgo,1,29.0,0.0015010197,0.8903075,0.1081915
221020024,2025,afectada,afectada,1,44.5,0.0011893947,0.3512768,0.6475338
251160072,2023,riesgo,riesgo,1,27.1,0.025674978,0.9725362,0.0017888019
241160189,2019,normal,normal,1,3.4,0.99970967,0.00014919002,0.00014117135
231020105,2025,normal,normal,1,21.7,0.9944317,0.0042074327,0.0013609253
231030088,2021,normal,normal,1,8.0,0.99503124,0.0045927097,0.0003760627
221120045,2017,riesgo,riesgo,1,31.2,0.18758023,0.43815988,0.3742599
221020024,2017,riesgo,riesgo,1,35.1,0.0008420165,0.5789629,0.42019507
221120045,2018,afectada,riesgo,0,49.4,0.107858986,0.5662652,0.32587582
220950053,2015,afectada,afectada,1,179.0,5.6944285e-05,0.0005253035,0.9994178
231030090,2020,normal,riesgo,0,20.0,0.069007084,0.65144414,0.2795488
231020105,2020,normal,normal,1,10.0,0.9964557,0.0014645183,0.0020797737
241160181,2017,afectada,afectada,1,97.0,0.0009366068,0.00088378036,0.9981797
220950053,2019,afectada,afectada,1,99.1,0.0017078697,0.0003370238,0.9979551
211020172,2020,afectada,afectada,1,107.0,0.00010234634,3.0100244e-05,0.99986756
241050067,2021,normal,normal,1,22.0,0.9993173,0.00030889176,0.0003738166
211020002,2019,afectada,afectada,1,111.0,0.0005793887,8.797892e-05,0.9993326
231020159,2023,normal,afectada,0,14.4,0.07287496,0.25579438,0.67133063
241160146,2019,normal,normal,1,11.99,0.9993086,0.00013496114,0.0005564512
251150038,2021,riesgo,afectada,0,34.0,0.2857476,0.053031668,0.6612208
210960027,2020,afectada,afectada,1,41.0,0.0085639935,0.0042219935,0.98721397
221080061,2024,afectada,afectada,1,51.0,0.060316544,0.05553078,0.88415265
211020002,2022,afectada,afectada,1,120.0,0.0010348437,0.00052536215,0.99843985
241160146,2022,normal,normal,1,6.0,0.9986072,0.001150363,0.00024243242
231030088,2015,riesgo,normal,0,34.6,0.9331238,0.032040883,0.03483526
241240008,2021,normal,normal,1,9.0,0.9934,0.0038753077,0.002724775
210960027,2017,afectada,afectada,1,41.4,0.12135809,0.009632973,0.86900896
241130030,2022,normal,normal,1,8.0,0.98816234,0.0022141237,0.009623578
211030008,2025,normal,normal,1,7.1,0.9976584,0.0014813793,0.0008602292
221040004,2015,afectada,afectada,1,176.0,3.0333e-05,3.0493627e-05,0.9999392
221020024,2016,riesgo,afectada,0,37.1,0.00018762334,0.0025955113,0.9972168
210980020,2025,afectada,afectada,1,114.9,0.004539139,0.33214894,0.66331196
220950053,2017,afectada,afectada,1,86.9,0.0013737708,0.00021411612,0.99841213
211030763,2020,normal,normal,1,7.0,0.99598795,0.00024081161,0.003771255
210980114,2018,afectada,afectada,1,53.2,0.000108488864,0.00255119,0.99734026
220950084,2025,riesgo,afectada,0,29.5,0.0005772868,0.001176814,0.99824595
231070081,2020,afectada,afectada,1,139.0,0.00031769637,0.0008371969,0.9988451
241060011,2025,normal,normal,1,5.8,0.99930716,0.00023079157,0.00046205198
241050045,2025,normal,normal,1,1.0,0.9996635,4.507469e-05,0.00029148808
241050067,2018,normal,normal,1,22.0,0.9613088,0.0054833167,0.03320791
241130002,2025,normal,normal,1,18.9,0.9956552,0.0038922648,0.0004525804
241160181,2020,afectada,afectada,1,84.0,0.0005523671,0.00023951268,0.99920815
221030030,2020,afectada,afectada,1,71.0,0.00012105841,0.00012677307,0.9997522
241120074,2023,riesgo,riesgo,1,29.1,0.0014778735,0.9912314,0.007290774
231010130,2019,afectada,afectada,1,110.0,0.0005545668,0.00030165742,0.9991437
221040043,2022,afectada,afectada,1,77.0,0.0008614544,0.0025685702,0.99657
231030090,2021,normal,normal,1,18.0,0.55061185,0.42099544,0.02839267
220960018,2017,afectada,afectada,1,71.8,0.041612297,0.0027329084,0.9556548
231060003,2024,afectada,afectada,1,90.0,0.00068991765,0.0026532572,0.9966568
221030030,2020,afectada,afectada,1,62.0,3.1675714e-05,0.0012967215,0.99867165
241160207,2018,normal,normal,1,1.0,0.99926597,0.0004750511,0.00025894967
210960027,2020,riesgo,afectada,0,33.0,0.009967353,0.05042311,0.93960947
210960027,2015,afectada,afectada,1,61.8,0.096602805,0.02678978,0.8766074
241050045,2025,normal,normal,1,0.5,0.9993315,0.00041592412,0.00025264846
241050067,2023,normal,normal,1,17.7,0.9916945,0.0078743575,0.00043114598
241120074,2018,riesgo,afectada,0,31.8,0.029835297,0.28665927,0.6835054
241160189,2017,normal,normal,1,3.69,0.99801695,0.00040349588,0.0015795002
221040043,2020,afectada,afectada,1,80.0,0.00547665,0.0048103784,0.98971295
210980012,2020,normal,normal,1,10.0,0.9996544,0.00021605942,0.00012947818
241160255,2022,afectada,riesgo,0,40.0,0.011051083,0.8251545,0.16379446
221020093,2022,normal,normal,1,2.5,0.98147154,0.00067225343,0.017856138
220950053,2025,afectada,afectada,1,93.3,0.0004366763,0.00036481966,0.9991985
251160078,2022,normal,afectada,0,18.0,0.19461171,0.18927212,0.61611617
221020012,2025,riesgo,riesgo,1,25.8,0.02167859,0.9776964,0.00062493037
210980020,2017,afectada,afectada,1,75.9,0.06744824,0.32073012,0.61182165
231010130,2015,afectada,afectada,1,129.0,5.0331008e-05,0.0013168252,0.99863285
210980114,2024,riesgo,riesgo,1,29.7,0.0036374985,0.9499907,0.04637177
241160207,2025,normal,normal,1,11.7,0.9996369,0.00030718974,5.5870314e-05
220950084,2017,afectada,afectada,1,55.1,0.0014635149,0.0013532344,0.99718326
221030030,2016,afectada,afectada,1,107.0,2.0962576e-05,0.00021648232,0.9997626
231050145,2021,riesgo,normal,0,32.0,0.50309366,0.49611902,0.0007872726
241130002,2021,normal,normal,1,19.0,0.9996364,0.00013902593,0.00022454269
210970015,2016,normal,normal,1,0.1,0.45802724,0.30435365,0.23761904
231010130,2025,afectada,afectada,1,53.4,0.0009317666,0.0020615866,0.9970067
231010130,2017,afectada,afectada,1,99.1,0.002549723,0.007895097,0.98955524
210980012,2016,normal,normal,1,8.49,0.99779594,0.0015816387,0.00062239193
210920002,2025,normal,normal,1,2.6,0.995654,0.00042592443,0.0039200764
241160255,2024,riesgo,afectada,0,31.2,0.0037597632,0.22914135,0.76709884
211020172,2015,afectada,afectada,1,143.0,3.147547e-05,0.0001006493,0.9998679
221020012,2018,riesgo,afectada,0,29.7,0.028071467,0.31647548,0.655453
210980214,2025,afectada,riesgo,0,40.1,0.21714824,0.48129538,0.30155638
221020087,2025,afectada,afectada,1,94.0,0.058945354,0.06621196,0.87484264
221120045,2025,riesgo,normal,0,32.6,0.8198474,0.16142419,0.018728415
210980214,2023,normal,normal,1,22.0,0.64079404,0.012394089,0.34681183
210980017,2022,afectada,afectada,1,103.0,0.0010196642,0.0015881837,0.9973922
241280020,2025,normal,normal,1,4.0,0.99882156,0.00061197137,0.00056648266
221020012,2017,riesgo,riesgo,1,29.3,0.0016229927,0.9903583,0.008018774
221120045,2024,riesgo,afectada,0,31.6,0.10854689,0.19458035,0.6968728
221030030,2023,afectada,afectada,1,52.0,0.00013910452,0.0014481939,0.9984127
220950084,2025,riesgo,afectada,0,29.7,0.0014306119,0.0022946114,0.9962748
231020105,2020,normal,normal,1,10.0,0.99672407,0.0016771122,0.0015988775
241120074,2020,afectada,riesgo,0,43.0,0.0020125879,0.974193,0.02379441
241160181,2021,afectada,afectada,1,78.0,0.0017892686,0.0001644913,0.9980463
231070139,2025,afectada,afectada,1,102.0,0.00020206557,0.001484828,0.99831307
231030063,2022,afectada,afectada,1,167.0,0.00012881546,0.0007312739,0.9991399
241140065,2023,riesgo,riesgo,1,37.2,0.00910861,0.6315891,0.35930225
231050145,2023,normal,riesgo,0,24.5,0.119758025,0.87869495,0.0015470701
221020012,2020,riesgo,riesgo,1,34.0,0.0014514879,0.9860108,0.012537675
221030044,2025,afectada,afectada,1,43.0,0.0066940733,0.032377187,0.96092874
210980206,2016,afectada,afectada,1,38.8,0.025352113,0.2123475,0.7623004
221040004,2015,afectada,afectada,1,117.0,1.4420778e-05,4.0255403e-05,0.9999453
221040004,2023,afectada,afectada,1,109.0,4.4806184e-05,0.00015528117,0.9997999
241050067,2015,riesgo,normal,0,28.8,0.99882406,0.00043607433,0.00073982443
241070075,2025,normal,normal,1,10.0,0.9951462,0.004305284,0.0005485061
231180025,2016,normal,normal,1,1.0,0.99089724,0.00016830991,0.008934415
241160181,2016,afectada,afectada,1,154.0,0.002128773,0.00014099854,0.9977302
231030091,2021,afectada,afectada,1,61.0,0.048170134,0.053445976,0.89838386
231020155,2016,afectada,riesgo,0,44.1,0.02252629,0.8470092,0.13046452
210980214,2021,normal,riesgo,0,18.0,0.02454766,0.9639056,0.011546757
221020024,2024,riesgo,afectada,0,37.1,0.017715318,0.21697892,0.76530576
221030030,2019,afectada,afectada,1,73.8,1.480212e-05,0.00084811385,0.9991371
241170058,2025,normal,normal,1,1.9,0.99852115,0.0004479621,0.0010309463
221230018,2021,normal,normal,1,2.5,0.9995777,0.0001926466,0.00022971009
231020155,2018,afectada,afectada,1,50.2,0.0008964255,0.0021386114,0.996965
210980020,2016,afectada,afectada,1,57.8,0.0048853657,0.011133812,0.98398083
221210013,2023,normal,normal,1,2.5,0.9997683,0.00015907684,7.258342e-05
241160252,2016,normal,normal,1,15.6,0.9948732,0.00025204124,0.0048747673
241160069,2015,normal,normal,1,9.24,0.9991671,0.00050877006,0.00032418084
231030088,2025,normal,normal,1,6.3,0.99687946,0.0027637628,0.0003567794
221020012,2020,riesgo,riesgo,1,34.0,0.008988586,0.97512895,0.015882505
231010130,2016,afectada,afectada,1,140.0,0.00012383546,8.1733386e-05,0.9997944
241060011,2015,normal,normal,1,5.01,0.9810153,0.0019294727,0.017055206
231080029,2021,afectada,afectada,1,54.0,0.0019773769,0.0036140638,0.99440855
211020002,2016,afectada,afectada,1,118.0,0.0014883466,3.7860653e-05,0.9984738
241160207,2019,normal,normal,1,2.5,0.9996451,0.00020840035,0.00014644908
211020172,2021,afectada,afectada,1,96.0,0.00022138853,0.0005862322,0.9991924
241160207,2024,normal,normal,1,13.0,0.9995658,0.00022031389,0.00021394403
210980020,2020,afectada,riesgo,0,62.0,0.010934067,0.8191679,0.16989799
251220026,2025,afectada,riesgo,0,40.4,0.0043192883,0.9787483,0.016932417
221120045,2016,riesgo,normal,0,28.7,0.36253417,0.30612022,0.33134565
241150030,2020,normal,normal,1,2.5,0.976843,0.022518624,0.0006383535
241260021,2015,normal,normal,1,18.7,0.9935395,0.004748671,0.001711785
211130014,2016,normal,normal,1,3.56,0.8775985,0.040778972,0.08162245
231010130,2019,afectada,afectada,1,119.3,0.00019679299,0.001339982,0.9984633
220950053,2017,afectada,afectada,1,103.0,9.647757e-05,0.00012807238,0.99977547
241160069,2025,normal,normal,1,3.9,0.9990144,0.0004010282,0.00058461045
221040043,2015,afectada,afectada,1,67.8,2.886605e-05,0.00081935554,0.9991518
211020172,2016,afectada,afectada,1,162.0,5.3307856e-05,0.000107731255,0.99983895
231010130,2017,afectada,afectada,1,129.0,5.6999066e-05,0.00049360044,0.99944943
211040587,2020,afectada,afectada,1,103.0,0.00042145204,3.5923833e-05,0.9995426
221020012,2019,afectada,afectada,1,44.0,0.0014730068,0.006568203,0.99195886
210970015,2019,normal,afectada,0,6.39,0.35792828,0.0052435044,0.63682824
221040004,2019,afectada,afectada,1,90.9,6.8672445e-05,0.00026889116,0.9996624
251220026,2021,riesgo,riesgo,1,33.0,0.0014329226,0.9769787,0.0215884
241160069,2025,normal,normal,1,5.9,0.994745,0.0034215334,0.0018335233
241160146,2016,normal,normal,1,6.5,0.99921036,0.00029045346,0.0004991423
241160181,2025,afectada,afectada,1,58.8,0.0032967248,0.0010105227,0.9956928
231030091,2023,afectada,afectada,1,51.0,0.0047310167,0.004004737,0.9912642
211020002,2018,afectada,afectada,1,122.0,0.00049624307,6.004739e-05,0.9994437
251160078,2021,riesgo,normal,0,26.0,0.99115074,0.0017102469,0.0071390923
210980114,2021,afectada,afectada,1,44.0,0.012534776,0.02758636,0.95987886
211030763,2016,normal,normal,1,6.69,0.9992937,0.00017437615,0.0005318855
221120045,2020,afectada,afectada,1,52.0,0.011078926,0.04051995,0.94840115
231050020,2017,afectada,afectada,1,60.6,0.0002759772,0.00017593427,0.999548
241160207,2015,normal,normal,1,7.87,0.9964455,0.00062830903,0.002926263
241160255,2016,afectada,afectada,1,40.3,0.00067850965,0.00038954723,0.99893194
211040003,2017,afectada,afectada,1,74.5,0.00015573316,0.0005098109,0.9993344
211040524,2025,afectada,afectada,1,133.9,0.0007435462,0.00032402037,0.9989324
220950053,2019,afectada,afectada,1,78.4,0.00030655475,0.0006576071,0.99903584
241130030,2025,normal,normal,1,5.0,0.9846673,0.012199123,0.0031336274
241050067,2016,normal,normal,1,15.4,0.96266156,0.02627458,0.011063821
221120006,2025,normal,normal,1,2.3,0.95363885,0.044107534,0.0022535557
231010130,2025,afectada,afectada,1,97.0,0.00061786885,0.00012925817,0.99925286
231030091,2019,afectada,afectada,1,57.0,0.012159371,0.00300572,0.9848349
211030008,2020,normal,normal,1,3.3,0.9940188,0.002006898,0.0039743613
231050145,2022,riesgo,riesgo,1,27.0,0.3257344,0.6109332,0.063332446
251150038,2022,afectada,normal,0,39.0,0.617593,0.3749258,0.0074812
241160146,2017,normal,normal,1,7.7,0.9988619,0.0008344923,0.00030359311
210980020,2019,afectada,afectada,1,65.2,0.00057473104,0.0075152894,0.9919099
210980012,2016,normal,normal,1,20.4,0.9844356,0.01265008,0.002914331
221040004,2016,afectada,afectada,1,141.0,9.148439e-05,6.0172675e-05,0.99984837
210980012,2024,normal,normal,1,5.6,0.9999584,2.203007e-05,1.9524336e-05
221060002,2020,normal,normal,1,20.0,0.80769795,0.010541627,0.1817604
231050020,2023,afectada,afectada,1,52.0,0.0009898895,0.0008295336,0.9981806
220950084,2019,afectada,afectada,1,63.1,0.0061162068,0.0012825469,0.9926012
221020093,2024,normal,normal,1,2.5,0.9978998,0.00022695775,0.0018732947
231020159,2021,riesgo,riesgo,1,37.0,0.007617847,0.86284816,0.12953399
211020002,2016,afectada,afectada,1,121.0,0.0012561611,0.0002801713,0.99846363
221080061,2025,afectada,afectada,1,63.0,0.015197605,0.002272404,0.98252994
251150055,2025,normal,normal,1,7.8,0.9995192,0.00027940847,0.00020133887
221020012,2016,afectada,afectada,1,41.6,0.0005564567,0.011049636,0.9883939
231030063,2024,afectada,afectada,1,113.0,0.0005451108,0.0014640563,0.99799085
210970015,2020,normal,normal,1,14.0,0.8761244,0.014233045,0.10964255
210960027,2022,afectada,riesgo,0,41.0,0.1826355,0.74823445,0.06913012
210980020,2025,afectada,riesgo,0,76.5,0.03404393,0.5302271,0.43572894
221020012,2016,afectada,afectada,1,41.6,0.0016597407,0.012762037,0.98557824
221210013,2017,normal,normal,1,4.05,0.99973744,0.0001169516,0.00014558695
231030090,2020,riesgo,normal,0,27.0,0.6743279,0.07187557,0.2537965
241160146,2015,normal,normal,1,6.87,0.99894303,0.00048709573,0.000569901
241280001,2025,normal,normal,1,2.0,0.9979425,0.0019912194,6.6306086e-05
221060091,2025,normal,afectada,0,21.0,0.0066316514,0.34410694,0.6492614
211030763,2019,normal,normal,1,14.0,0.99966586,1.1602271e-05,0.00032250283
220960018,2022,afectada,afectada,1,67.0,0.3765025,0.0059864176,0.61751103
241160189,2015,normal,normal,1,3.66,0.9988374,0.0009586607,0.00020397374
210980214,2021,riesgo,normal,0,34.0,0.72357994,0.23639737,0.040022667
221210014,2016,normal,normal,1,1.33,0.9994116,0.00030596342,0.00028246653
211040524,2019,afectada,afectada,1,132.3,0.00019369388,0.00017536539,0.9996309
231030090,2019,normal,afectada,0,14.0,0.26712018,0.31283188,0.4200479
231070139,2020,afectada,afectada,1,197.0,5.286967e-05,0.0004750383,0.9994721
211020002,2018,afectada,afectada,1,129.0,0.0005163395,0.00028014506,0.9992035
231030063,2015,afectada,afectada,1,196.0,0.0001414077,9.920689e-05,0.9997594
241150030,2022,normal,normal,1,2.5,0.9985643,0.0013809819,5.4776738e-05
241130002,2022,normal,normal,1,20.0,0.9980171,0.00043556892,0.0015473452
220950053,2018,afectada,afectada,1,115.0,0.00017374521,9.106738e-05,0.9997352
231020155,2025,afectada,afectada,1,43.2,0.06323683,0.30851814,0.62824506
211030763,2016,normal,normal,1,7.99,0.99797004,0.0003376971,0.0016922837
251160035,2025,riesgo,afectada,0,37.4,0.014390589,0.23990019,0.74570924
251160072,2025,riesgo,riesgo,1,36.5,0.0018685235,0.735021,0.26311052
221020012,2019,afectada,afectada,1,44.0,0.0014266386,0.024013694,0.97455966
221210014,2023,normal,normal,1,2.5,0.9997018,0.00014226089,0.00015593981
211020172,2017,afectada,afectada,1,131.0,0.000352978,0.0003101009,0.9993369
241160207,2015,normal,normal,1,0.1,0.9991918,0.00034817227,0.00046006014
251150038,2025,riesgo,normal,0,34.0,0.52531743,0.46623912,0.008443469
211040583,2018,afectada,afectada,1,67.2,8.3743e-05,0.00017349521,0.9997428
211040587,2025,afectada,afectada,1,120.0,0.0010245441,0.00032851435,0.9986469
210980017,2025,afectada,afectada,1,94.8,0.00013857715,6.6085704e-05,0.9997954
221040004,2020,afectada,afectada,1,90.3,5.0269377e-06,1.2888181e-05,0.9999821
211020172,2020,afectada,afectada,1,126.0,0.00030240658,0.0011235971,0.998574
241330041,2023,riesgo,afectada,0,32.3,0.10045482,0.011119888,0.88842535
241140065,2024,riesgo,riesgo,1,37.5,0.023879228,0.91180867,0.06431213
210980020,2022,riesgo,afectada,0,30.0,0.013146132,0.31293744,0.67391646
221060002,2023,normal,afectada,0,17.9,0.38904786,0.0069379467,0.60401416
210980012,2019,normal,normal,1,8.0,0.99859565,0.001274483,0.00012979725
220950084,2017,afectada,afectada,1,53.3,0.003740448,0.0181962,0.9780634
221230018,2025,normal,normal,1,1.0,0.99936336,0.00032779173,0.00030891364
221080061,2025,afectada,afectada,1,57.2,0.09165337,0.012460397,0.8958862
221040004,2018,afectada,afectada,1,93.9,6.9629175e-05,0.00017657768,0.9997538
210970015,2017,normal,normal,1,13.4,0.9276353,0.00069310825,0.071671605
231080029,2021,afectada,afectada,1,54.0,0.0009976607,0.0026826372,0.99631965
221020024,2022,afectada,afectada,1,49.0,0.005383565,0.105969764,0.8886467
241270004,2022,normal,normal,1,8.0,0.9986719,0.00047374878,0.0008543628
210960027,2015,afectada,afectada,1,108.0,0.0009567809,0.004088985,0.99495417
210970015,2015,riesgo,normal,0,28.2,0.7008865,0.00081622304,0.29829732
210960027,2023,normal,normal,1,17.1,0.5852568,0.06797555,0.34676766
241120074,2017,riesgo,riesgo,1,30.9,0.0040399334,0.94469166,0.0512684
251160078,2024,riesgo,normal,0,31.1,0.98754174,0.012197623,0.00026065367
221040004,2020,afectada,afectada,1,97.9,2.0857511e-05,0.0002572634,0.9997218
231050020,2025,afectada,afectada,1,44.8,0.00018910851,0.00021588881,0.999595
221030030,2015,afectada,afectada,1,135.0,8.875923e-05,0.0004251031,0.9994861
241160069,2015,afectada,normal,0,39.0,0.99789727,0.0012292357,0.00087348674
241120074,2022,riesgo,riesgo,1,27.0,0.014785216,0.6682677,0.31694704
251160072,2024,riesgo,riesgo,1,28.9,0.18878554,0.8095708,0.0016436935
251160072,2021,riesgo,riesgo,1,27.0,0.10825232,0.88244635,0.009301337
211040583,2017,afectada,afectada,1,55.8,0.004253088,0.018737936,0.977009
220950005,2025,afectada,afectada,1,115.9,0.0004797266,0.00076238066,0.99875784
231070081,2025,afectada,afectada,1,105.2,0.00029196072,0.0010499306,0.99865806
211020172,2022,afectada,afectada,1,83.0,0.0005696034,0.0005899723,0.9988404
241130002,2023,normal,normal,1,19.7,0.9977188,0.0012091916,0.0010720494
241050045,2021,normal,normal,1,2.5,0.999315,5.9570837e-05,0.00062536757
211030763,2025,normal,normal,1,4.4,0.9989655,9.9889105e-05,0.0009346087
220950084,2016,afectada,afectada,1,55.1,0.00058662967,0.00076243107,0.99865097
210980248,2022,afectada,afectada,1,157.0,0.00027232754,0.00054017827,0.9991875
241070099,2024,normal,normal,1,4.5,0.9995096,0.00026368847,0.00022677908
231020159,2021,riesgo,riesgo,1,34.0,0.0036542828,0.9555171,0.040828645
210960027,2023,normal,normal,1,21.6,0.53389525,0.03747729,0.42862746
221020012,2017,afectada,riesgo,0,41.4,0.049443852,0.72159696,0.22895914
211020172,2023,afectada,afectada,1,102.0,0.0029245992,0.00040938306,0.996666
220950053,2021,afectada,afectada,1,94.5,0.0006833099,0.0001320177,0.99918467
241160189,2015,normal,normal,1,3.69,0.99717736,0.0004190413,0.002403586
221030030,2025,afectada,afectada,1,40.1,0.00035675958,0.019201001,0.9804422
231070081,2022,afectada,afectada,1,133.0,2.450281e-05,0.00030704655,0.9996685
231020155,2019,afectada,afectada,1,49.4,0.00042103918,0.013919001,0.98565996
221020093,2025,normal,normal,1,7.3,0.9600752,0.035390083,0.0045347665
221020012,2022,riesgo,riesgo,1,26.0,0.007873948,0.9802839,0.011842199
221060091,2023,afectada,afectada,1,41.1,0.10174598,0.021206804,0.87704724
211040003,2023,afectada,afectada,1,88.0,0.0031993834,0.002268683,0.99453187
241140065,2022,afectada,riesgo,0,42.0,0.0044947015,0.9232738,0.07223154
251160035,2023,afectada,riesgo,0,38.3,0.025281241,0.92622095,0.04849778
210980020,2015,afectada,afectada,1,63.3,0.00052218605,0.04012271,0.9593551
241060011,2016,normal,normal,1,2.96,0.9912664,0.002361577,0.0063720117
231030063,2021,afectada,afectada,1,167.0,0.00015320747,0.00017238298,0.99967444
221040004,2017,afectada,afectada,1,96.6,5.9310227e-05,0.00067742285,0.9992632
241120074,2021,riesgo,riesgo,1,36.0,0.014138141,0.9558247,0.030037154
210980012,2025,normal,normal,1,9.9,0.9998441,0.00012827957,2.7588456e-05
211020002,2025,afectada,afectada,1,125.3,0.0009402729,0.0007307577,0.998329
231060003,2016,afectada,afectada,1,55.4,0.00011339374,0.00046065048,0.999426
241220031,2023,normal,normal,1,5.8,0.9994497,0.00043732938,0.00011302977
211020172,2016,afectada,afectada,1,114.0,1.9756906e-05,9.9423254e-05,0.9998808
220950053,2015,afectada,afectada,1,117.0,5.824541e-05,6.985584e-05,0.99987185
241180002,2022,afectada,afectada,1,175.0,0.120725475,0.035200026,0.8440745
241150028,2019,normal,normal,1,3.0,0.99733657,0.0020948537,0.0005685704
231030088,2023,normal,normal,1,4.2,0.9998275,7.702643e-05,9.538455e-05
221020024,2015,afectada,afectada,1,69.8,0.0005997859,0.33111742,0.66828275
241060011,2017,normal,normal,1,2.3,0.99929106,0.0004988004,0.00021009447
221040004,2017,afectada,afectada,1,87.9,4.821638e-05,0.0007687282,0.999183
241150187,2019,normal,normal,1,14.0,0.99962103,0.00021566005,0.00016329394
231050145,2020,riesgo,normal,0,31.0,0.87586653,0.12300094,0.0011325267
210980012,2015,normal,normal,1,11.0,0.98991686,0.009702957,0.00038020525
231010130,2016,afectada,afectada,1,122.0,4.50058e-05,0.00023025033,0.9997247
241070075,2025,normal,normal,1,0.5,0.9995783,0.000185684,0.00023597313
210980214,2025,afectada,afectada,1,59.6,0.3818138,0.04679786,0.57138836
211030763,2021,normal,normal,1,6.0,0.9979729,0.0014878142,0.0005392788
211040588,2023,afectada,afectada,1,45.2,0.0008473506,7.088578e-05,0.99908173
221080061,2022,afectada,afectada,1,56.0,0.0027144183,0.00076023344,0.99652535
231020155,2017,riesgo,afectada,0,28.6,0.0027592483,0.25260916,0.7446316
211020002,2017,afectada,afectada,1,108.0,0.0018019007,0.00043312644,0.99776495
211040587,2025,afectada,afectada,1,124.5,0.0005119287,0.00021296387,0.99927515
241160255,2025,riesgo,riesgo,1,32.0,0.002863812,0.7211594,0.2759768
211020002,2019,afectada,afectada,1,107.0,0.0007743531,0.00034538913,0.9988802
251160035,2023,riesgo,riesgo,1,35.1,0.014586202,0.70751905,0.27789468
241160189,2016,normal,normal,1,3.9,0.99841654,0.00033556097,0.0012478748
210980206,2025,afectada,riesgo,0,47.5,0.035949014,0.8271502,0.13690072
210980114,2025,afectada,afectada,1,58.8,0.00048583426,0.004903646,0.99461055
231030091,2019,afectada,afectada,1,49.4,0.00040268144,0.0030789725,0.9965184
231070081,2025,afectada,afectada,1,163.2,0.00087542867,0.00026893202,0.9988556
221060091,2025,riesgo,afectada,0,29.5,0.012237991,0.0013798407,0.9863821
241220031,2025,normal,normal,1,3.6,0.999146,0.00066375383,0.00019021111
221060002,2023,normal,normal,1,10.8,0.9527707,0.0003759379,0.046853274
251220026,2021,afectada,riesgo,0,38.0,0.012561357,0.8850207,0.10241802
231020159,2022,afectada,afectada,1,41.0,0.050958943,0.17579615,0.7732449
221130009,2025,normal,normal,1,2.6,0.9985214,0.00087349187,0.0006051223
231010130,2023,afectada,afectada,1,79.0,0.010811668,0.0004966776,0.9886917
231070081,2024,afectada,afectada,1,114.0,0.0012067708,0.000105214014,0.99868804
231030088,2025,normal,normal,1,6.6,0.9996587,0.00017943594,0.00016184735
221060002,2018,riesgo,afectada,0,36.9,0.48226288,0.010969839,0.5067673
210980012,2025,normal,normal,1,21.9,0.9991947,0.00066619547,0.00013908753
231030088,2017,normal,normal,1,8.09,0.9952089,0.00062810775,0.004163005
231080029,2024,afectada,afectada,1,48.4,0.0008619727,0.0019613234,0.99717665
221030044,2022,afectada,afectada,1,94.0,0.0035365664,0.0064601526,0.99000335
241160146,2017,normal,normal,1,7.83,0.99858224,0.0008723259,0.00054539635
211020002,2017,afectada,afectada,1,106.0,0.00082797493,7.435866e-05,0.9990977
210980206,2017,riesgo,riesgo,1,31.3,0.015863739,0.7992792,0.18485707
231020155,2017,afectada,afectada,1,46.5,0.00042748518,0.11490296,0.88466954
221120045,2023,riesgo,riesgo,1,25.3,0.05066963,0.92237324,0.02695712
220950005,2024,afectada,afectada,1,61.0,0.0016074822,0.0014965158,0.996896
241050045,2025,normal,normal,1,0.5,0.9990736,0.0005333626,0.00039304578
210980012,2021,normal,normal,1,18.0,0.99478817,0.0043063383,0.0009054414
211020002,2021,afectada,afectada,1,138.0,0.0008436322,0.0001828353,0.9989736
210920002,2015,normal,normal,1,2.0,0.9934057,0.00062545907,0.005968804
210980114,2021,riesgo,afectada,0,28.0,0.016908102,0.37242246,0.61066943
241170058,2022,normal,normal,1,4.0,0.9974986,7.2993374e-05,0.0024284462
221040004,2015,afectada,afectada,1,174.0,3.6779616e-05,0.00054026203,0.999423
210980214,2019,afectada,normal,0,39.0,0.75276375,0.09821504,0.14902125
221060091,2023,afectada,afectada,1,45.8,0.16948529,0.1717087,0.65880597
221040004,2023,afectada,afectada,1,120.0,0.00018574372,0.00022909726,0.9995852
221060002,2025,normal,normal,1,19.9,0.9887145,0.008854805,0.002430702
241180002,2024,afectada,afectada,1,195.0,0.090950675,0.32628235,0.582767
210980206,2015,afectada,afectada,1,53.6,0.015187311,0.3915914,0.59322125
231030063,2025,afectada,afectada,1,96.0,0.00064181356,0.002800988,0.99655724
210980214,2016,afectada,afectada,1,51.2,0.029289924,0.055263434,0.9154466
221030027,2017,afectada,afectada,1,155.0,0.0024833926,0.22276849,0.7747481
231050145,2015,riesgo,riesgo,1,28.0,0.016200548,0.9805783,0.0032211263
221020012,2021,riesgo,riesgo,1,28.0,0.005524921,0.9818393,0.012635815
221060002,2022,riesgo,normal,0,28.0,0.93458045,0.050696366,0.014723148
231010130,2022,afectada,afectada,1,95.0,0.00019465819,0.00021976404,0.99958557
221020087,2025,afectada,afectada,1,140.9,0.015590072,0.004675387,0.9797346
221130009,2017,normal,normal,1,4.73,0.99939656,0.00024105918,0.00036242977
231020159,2024,normal,normal,1,15.3,0.5173512,0.121288605,0.3613602
210980114,2023,afectada,afectada,1,46.4,0.0012530728,0.031941168,0.96680576
231070139,2019,afectada,afectada,1,208.0,0.00012362204,0.0002542498,0.9996221
220950053,2015,afectada,afectada,1,126.0,0.0001073759,0.000192344,0.9997003
211020002,2023,afectada,afectada,1,110.0,0.002690712,0.00035851653,0.99695075
221120045,2017,riesgo,riesgo,1,30.8,0.013121271,0.7197283,0.2671505
231020155,2024,riesgo,afectada,0,25.6,0.033728365,0.02874379,0.93752784
241170058,2025,normal,normal,1,0.5,0.9853822,0.014282113,0.0003356295
221080061,2025,afectada,afectada,1,43.0,0.019062106,0.00064663135,0.98029125
241160207,2025,normal,normal,1,0.5,0.99929523,0.00044630317,0.00025844606
221210013,2025,normal,normal,1,1.5,0.9995944,0.00038097624,2.4611436e-05
210980012,2019,normal,normal,1,14.21,0.99687093,0.0023676662,0.0007614242
251150038,2024,riesgo,riesgo,1,34.7,0.011955377,0.987344,0.0007005635
221160027,2021,normal,normal,1,2.5,0.9995679,2.905642e-05,0.00040300912
241150028,2015,normal,normal,1,5.08,0.9877244,0.00072401104,0.011551628
220950053,2020,afectada,afectada,1,81.3,0.0014731559,0.0013302815,0.99719656
241160069,2020,normal,normal,1,7.0,0.9983057,0.00043806992,0.0012562117
210980214,2024,normal,normal,1,23.0,0.99362105,0.0054577384,0.00092126173
231030088,2022,normal,normal,1,13.0,0.9984133,0.00024372443,0.0013428887
221020012,2015,afectada,afectada,1,65.1,0.0009365055,0.026543662,0.9725198
241160069,2021,normal,normal,1,5.0,0.9990497,0.00016796142,0.0007823535
231070081,2016,afectada,afectada,1,104.0,0.00012635718,0.000101029065,0.9997726
231050145,2016,riesgo,normal,0,30.7,0.6614537,0.3288326,0.009713648
241150030,2025,normal,normal,1,1.2,0.99506015,0.0048711053,6.873596e-05
221020012,2021,riesgo,riesgo,1,25.0,0.0007619252,0.9989911,0.0002469882
221060002,2015,normal,normal,1,24.9,0.44475293,0.44130853,0.11393849
231030091,2025,afectada,afectada,1,63.0,0.012562534,0.006287419,0.98115003
221020024,2016,afectada,afectada,1,49.5,6.0994236e-05,0.009929253,0.9900097
210980017,2025,afectada,afectada,1,90.1,0.00032897305,0.0007554127,0.9989157
241220031,2024,normal,normal,1,5.6,0.99900585,0.0009335712,6.0633858e-05
220950084,2025,riesgo,riesgo,1,30.3,0.003865682,0.6160014,0.38013285
231020159,2018,afectada,afectada,1,40.3,0.007877749,0.011951378,0.98017085
211020002,2020,afectada,afectada,1,121.0,0.001420692,0.00026083094,0.99831855
231030091,2020,afectada,afectada,1,50.0,0.0036525745,0.0007497083,0.9955978
210980248,2019,afectada,afectada,1,147.7,0.001180801,5.3881602e-05,0.99876535
210940011,2016,normal,normal,1,1.9,0.88417625,0.00032830457,0.115495466
211040587,2020,afectada,afectada,1,111.0,6.924298e-05,0.00012090225,0.9998099
210980114,2015,afectada,afectada,1,201.0,0.0012076471,0.21838228,0.7804101
210980206,2018,afectada,riesgo,0,40.2,0.004617392,0.8378842,0.1574985
221030044,2023,afectada,afectada,1,97.0,0.0082638655,0.0158268,0.9759093
211020172,2019,afectada,afectada,1,127.0,0.0044250195,0.0011093048,0.99446565
211040587,2019,afectada,afectada,1,96.0,0.00019162947,0.00013145918,0.99967694
241050045,2016,normal,normal,1,4.76,0.9940381,0.00043527182,0.0055266167
211040003,2025,afectada,afectada,1,141.2,7.196942e-05,0.00024151852,0.9996865
210980012,2015,riesgo,riesgo,1,31.8,0.02262474,0.9741233,0.0032520094
241160207,2022,normal,normal,1,10.0,0.99971753,0.00015078089,0.00013166603
221030031,2025,afectada,riesgo,0,43.5,0.0048070718,0.6510897,0.34410322
221040004,2019,afectada,afectada,1,86.7,5.3265332e-05,0.00023140605,0.99971527
220950053,2016,afectada,afectada,1,105.0,0.0003610023,0.0002749099,0.9993641
241340046,2021,normal,normal,1,10.0,0.997964,0.0002951474,0.0017408568
211040003,2020,afectada,afectada,1,93.0,6.167787e-05,0.00025102764,0.9996873
241160181,2024,afectada,afectada,1,59.0,0.0043455292,0.01382042,0.9818341
221020012,2020,riesgo,riesgo,1,29.0,0.002739169,0.99489236,0.0023685317
210980206,2019,afectada,afectada,1,53.5,0.03584781,0.041082248,0.92306995
220950053,2024,afectada,afectada,1,62.0,0.0017711655,0.0101597365,0.9880691
231070139,2017,afectada,afectada,1,186.0,2.6657306e-05,0.00033992346,0.99963343
241050067,2017,normal,normal,1,20.5,0.98662263,0.012052719,0.0013246452
221060002,2017,normal,riesgo,0,17.0,0.20162663,0.68837446,0.10999893
211020002,2015,afectada,afectada,1,155.0,0.0010124027,4.4813565e-05,0.9989428
241060011,2017,normal,normal,1,2.23,0.99974674,0.00011306423,0.00014024449
210980012,2023,normal,normal,1,7.2,0.9936552,0.0060132053,0.00033166498
211040588,2020,afectada,afectada,1,39.0,0.00037349187,0.009289291,0.99033725
210980114,2017,afectada,afectada,1,46.3,0.028406171,0.057848644,0.9137452
210960027,2016,afectada,afectada,1,79.2,0.04871674,0.18837555,0.7629077
251160072,2021,riesgo,riesgo,1,26.0,0.05337731,0.93894345,0.0076792203
221040043,2023,afectada,afectada,1,43.6,0.028128935,0.015990186,0.9558809
231030090,2022,normal,normal,1,20.0,0.75268465,0.2198442,0.027471159
221160027,2023,normal,normal,1,2.5,0.99976104,0.00010135476,0.00013754332
210980214,2018,afectada,riesgo,0,51.7,0.007920718,0.7748625,0.21721682
241160146,2019,normal,normal,1,12.0,0.9991277,0.0007353659,0.00013696105
241070075,2025,normal,normal,1,10.7,0.99693894,0.002712046,0.000349064
221210013,2025,normal,normal,1,0.8,0.9997304,0.00017351755,9.610132e-05
210960027,2021,afectada,riesgo,0,46.0,0.01919599,0.54319096,0.43761304
241160069,2019,normal,normal,1,6.73,0.9972371,0.00026851523,0.0024943838
231070139,2025,afectada,afectada,1,132.5,9.843326e-05,0.00010789953,0.9997937
231030063,2017,afectada,afectada,1,132.0,0.00013794596,0.005288536,0.99457353
221280002,2025,normal,normal,1,1.1,0.99924433,0.00071037,4.5369172e-05
231080029,2022,afectada,afectada,1,53.0,7.534208e-05,0.00032563848,0.99959904
231070081,2017,afectada,afectada,1,98.0,0.0006933625,0.0050174114,0.99428916
221020087,2022,afectada,afectada,1,118.0,0.0036718987,0.0019905164,0.9943376
221130009,2015,normal,normal,1,2.9,0.9982231,0.00029971448,0.0014772145
221120045,2020,riesgo,riesgo,1,29.0,0.0671791,0.8588207,0.074000254
221080061,2025,afectada,afectada,1,43.0,0.015706392,0.0006488434,0.9836447
210940011,2023,normal,normal,1,3.3,0.9685145,0.00043493192,0.03105063
221040043,2025,normal,afectada,0,2.5,0.0011152134,0.004850334,0.99403447
231020105,2025,normal,normal,1,21.7,0.99555784,0.003974421,0.0004677674
221060091,2025,riesgo,riesgo,1,28.5,0.09631626,0.6538488,0.24983491
221020024,2023,afectada,riesgo,0,45.4,0.016526215,0.8705702,0.11290355
241160069,2023,normal,normal,1,2.81,0.99840945,0.0012311215,0.0003595019
211020172,2025,afectada,afectada,1,93.9,7.919311e-05,0.0001788611,0.999742
210980017,2015,afectada,afectada,1,105.0,0.00060098595,0.00071540434,0.99868363
211130014,2021,normal,normal,1,4.0,0.51019555,0.008052616,0.48175183
241060011,2022,normal,normal,1,2.5,0.99983037,7.853957e-05,9.105937e-05
231070081,2019,afectada,afectada,1,107.0,0.00031579952,0.0004898817,0.9991943
211030763,2019,normal,normal,1,4.39,0.9986749,9.0399655e-05,0.0012346492
241120074,2015,riesgo,riesgo,1,29.7,0.0018644242,0.97299314,0.025142431
231030090,2021,normal,normal,1,16.0,0.4331748,0.3466705,0.22015475
231070081,2023,afectada,afectada,1,123.0,0.0028219484,0.051053952,0.94612414
251160078,2023,normal,riesgo,0,23.5,0.109200925,0.8893506,0.0014484862
210920002,2021,normal,normal,1,2.5,0.99906987,8.557256e-05,0.000844587
231030090,2019,riesgo,riesgo,1,33.1,0.025863064,0.9313652,0.04277168
220950084,2021,afectada,afectada,1,40.0,0.097935244,0.17361508,0.7284497
241050067,2019,normal,normal,1,22.99,0.99007636,0.009217197,0.0007064651
241120074,2025,riesgo,riesgo,1,30.9,0.0010854916,0.99271613,0.0061984104
210980114,2017,riesgo,riesgo,1,32.8,0.0016479463,0.52057,0.4777821
251160035,2022,riesgo,afectada,0,35.0,0.029452894,0.3601562,0.6103909
241160181,2019,afectada,afectada,1,142.0,0.0046661133,0.0010988727,0.994235
211020172,2025,afectada,afectada,1,99.8,0.00034410844,0.0005325144,0.9991234
210940011,2017,normal,normal,1,3.4,0.8884114,0.00028422437,0.111304335
211030008,2015,normal,normal,1,3.7,0.9895084,0.0017979027,0.008693709
210980206,2019,afectada,riesgo,0,38.0,0.004836833,0.769393,0.22577016
210970015,2018,afectada,normal,0,83.2,0.5060324,0.027677167,0.4662904
210960027,2025,afectada,afectada,1,39.7,0.0026092238,0.012235568,0.98515517
241050067,2025,normal,normal,1,7.6,0.9992514,0.000532276,0.00021630336
211030008,2022,normal,normal,1,2.7,0.99948657,0.00024727575,0.00026617866
231020159,2025,normal,afectada,0,21.9,0.08624309,0.14215025,0.7716066
210980012,2023,normal,normal,1,7.2,0.9933094,0.0063408464,0.00034973622
221020012,2021,riesgo,riesgo,1,28.0,0.0052356864,0.9821248,0.01263949
221020012,2025,riesgo,riesgo,1,31.9,0.005284159,0.9907582,0.0039576446
231050145,2016,riesgo,riesgo,1,29.7,0.37998235,0.5880893,0.031928312
231020155,2015,afectada,afectada,1,64.0,0.00055407296,0.017292991,0.982153
241160181,2025,afectada,afectada,1,59.6,0.0017030971,0.0073062214,0.99099064
241160146,2016,normal,normal,1,8.44,0.9996352,0.00020052517,0.0001642424
210960027,2016,afectada,afectada,1,76.9,0.00092720747,0.0126230335,0.9864498
241180002,2025,afectada,afectada,1,184.8,0.00046257972,0.0087688165,0.9907686
231070139,2017,afectada,afectada,1,192.0,7.899213e-05,0.0003319888,0.999589
241160181,2023,afectada,afectada,1,52.0,0.0141859185,0.023468312,0.9623457
210980012,2018,riesgo,riesgo,1,26.8,0.010714557,0.98844945,0.0008359635
221020093,2016,normal,afectada,0,7.88,0.22736667,0.003405678,0.7692276
221040043,2016,afectada,afectada,1,57.5,0.00018469877,8.3909035e-05,0.99973136
241160255,2020,afectada,afectada,1,61.0,0.0010067145,0.03174917,0.9672441
211020002,2020,afectada,afectada,1,121.0,0.00069090736,5.963252e-05,0.9992494
210980206,2017,riesgo,afectada,0,34.7,0.016507573,0.14091095,0.84258145
220950084,2016,afectada,afectada,1,48.6,0.0004577799,9.4059375e-05,0.9994481
231050145,2019,normal,riesgo,0,21.62,0.066527024,0.89470476,0.0387682
211020002,2018,afectada,afectada,1,119.0,0.000453343,0.00018297229,0.9993637
231070081,2015,afectada,afectada,1,153.0,0.0018960258,0.00050466415,0.9975993
241160146,2025,normal,normal,1,3.4,0.99698985,0.0027681198,0.00024201185
220950053,2018,afectada,afectada,1,109.0,0.0003410874,0.0007022625,0.9989567
251160035,2025,normal,afectada,0,20.5,0.059808,0.4442466,0.4959454
221020093,2017,normal,normal,1,5.1,0.78423154,0.0075127427,0.20825574
210980206,2025,riesgo,riesgo,1,35.7,0.010076734,0.93732303,0.052600257
211030763,2020,normal,normal,1,7.0,0.99898857,0.0005181033,0.00049329683
241050045,2022,normal,normal,1,2.5,0.998314,7.3152805e-05,0.0016128058
221020012,2017,afectada,afectada,1,41.4,0.003256285,0.016991947,0.97975177
221040004,2015,afectada,afectada,1,101.0,4.6353813e-05,2.5215904e-05,0.9999285
221020012,2025,riesgo,riesgo,1,31.9,0.00593718,0.9901078,0.0039550466
221020012,2024,normal,normal,1,23.7,0.9495164,0.037752334,0.012731271
221030030,2016,afectada,riesgo,0,90.4,0.003943658,0.5820986,0.41395774
231070081,2021,afectada,afectada,1,134.0,0.0031908753,0.0032746762,0.99353445
221020087,2019,afectada,afectada,1,111.3,0.0029089565,0.0012659482,0.9958252
241340046,2023,normal,normal,1,11.9,0.998684,0.000555255,0.0007607193
211130014,2025,normal,normal,1,4.2,0.98868495,0.006989126,0.004325906
210980206,2015,afectada,afectada,1,63.4,0.0008278176,0.021703357,0.9774688
221130009,2023,normal,normal,1,4.2,0.9995297,0.00021620518,0.00025406075
221040004,2018,afectada,afectada,1,94.6,1.3148029e-05,9.730536e-05,0.9998895
210980020,2016,afectada,afectada,1,56.1,0.00040563633,0.00080364494,0.9987908
210980020,2025,afectada,afectada,1,95.3,0.0015546216,0.0055846474,0.99286073
221020012,2016,riesgo,riesgo,1,30.1,0.0029528802,0.99539703,0.0016500272
231180025,2023,normal,normal,1,2.5,0.99869835,0.00018033937,0.0011212203
210960027,2017,normal,afectada,0,20.9,0.04758065,0.12569903,0.82672036
221040004,2022,afectada,afectada,1,93.0,1.1904269e-05,0.00013496698,0.99985313
211040588,2021,afectada,afectada,1,44.0,0.00030132796,0.005865128,0.99383354
221040004,2021,afectada,afectada,1,99.3,8.74222e-06,9.9798875e-05,0.9998914
241160163,2016,normal,normal,1,0.1,0.9983907,0.0004238438,0.0011854739
210980017,2023,afectada,afectada,1,83.0,0.0015438906,0.0002103205,0.99824584
231020105,2015,normal,normal,1,14.5,0.99568033,0.0011145619,0.003205058
241150030,2025,normal,normal,1,2.0,0.9998441,0.00012567875,3.0247791e-05
211020172,2017,afectada,afectada,1,128.0,6.8249276e-05,0.00012959653,0.9998022
231070139,2021,afectada,afectada,1,228.0,0.000184129,0.00054165826,0.9992742
221030031,2025,afectada,afectada,1,63.0,0.020476101,0.2854641,0.6940598
220950084,2023,afectada,riesgo,0,42.0,0.0036643932,0.96072733,0.035608273
231020155,2023,normal,afectada,0,23.3,0.002217823,0.4365868,0.5611954
211020002,2018,afectada,afectada,1,105.0,0.00046977188,4.8825936e-05,0.9994814
231010130,2025,afectada,afectada,1,49.1,0.0005920261,0.0003885565,0.9990194
210980206,2020,afectada,afectada,1,42.0,0.014943168,0.15731733,0.82773954
231020159,2019,afectada,normal,0,51.9,0.52797955,0.35143378,0.12058668
251160072,2022,riesgo,riesgo,1,28.0,0.08321746,0.80334693,0.11343562
231030088,2018,normal,normal,1,22.0,0.9805264,0.0017623015,0.017711362
221020024,2015,afectada,afectada,1,93.8,0.0004675656,0.01164995,0.9878825
211030763,2022,normal,normal,1,9.0,0.99826545,0.00015264758,0.0015819272
241150187,2017,normal,normal,1,13.2,0.9995421,0.00023693421,0.00022096811
221060002,2020,afectada,normal,0,39.0,0.92294586,0.02932711,0.047727045
241150187,2018,normal,normal,1,13.9,0.9986518,0.00026594216,0.0010822448
221210013,2025,normal,normal,1,3.8,0.99980766,0.0001749053,1.7466418e-05
231020159,2020,riesgo,riesgo,1,29.0,0.00029746973,0.99597895,0.003723503
220950084,2022,afectada,afectada,1,40.0,0.004971302,0.04653749,0.9484912
221030044,2021,afectada,afectada,1,120.0,0.0014898324,0.001199511,0.99731064
231070139,2020,afectada,afectada,1,243.0,4.6013458e-05,0.00011479162,0.9998392
231060003,2022,afectada,afectada,1,52.0,4.3001197e-05,0.0021437914,0.9978132
210980020,2018,afectada,afectada,1,76.4,0.0001705161,0.08425429,0.9155752
221040004,2020,afectada,afectada,1,82.8,4.261478e-05,5.3499916e-05,0.9999039
231030088,2016,normal,normal,1,13.2,0.97998476,0.017887233,0.0021279608
231050145,2017,normal,riesgo,0,22.6,0.38787502,0.60476613,0.0073588686
221040043,2019,afectada,afectada,1,70.5,0.0043676686,0.17921661,0.8164157
210980214,2020,riesgo,normal,0,27.0,0.8721768,0.10771271,0.0201105
221040004,2018,afectada,afectada,1,98.7,8.32905e-06,7.1250324e-05,0.99992037
210980012,2020,normal,normal,1,16.0,0.99435425,0.0033116182,0.0023341877
211020172,2023,afectada,afectada,1,119.0,0.004538811,0.00062396575,0.9948372
211040583,2017,afectada,afectada,1,82.6,0.00047278416,0.0004973046,0.9990299
231030091,2021,afectada,afectada,1,79.0,0.0034364404,0.00055356417,0.99600995
241050045,2015,normal,normal,1,8.0,0.9981396,0.000789672,0.0010706917
220950053,2019,afectada,afectada,1,91.5,0.0003032092,0.0023103354,0.9973865
211040524,2025,afectada,afectada,1,152.9,0.0004858178,0.008050219,0.99146396
241160069,2021,normal,normal,1,2.5,0.9962962,0.0006704802,0.0030333216
221020012,2025,riesgo,riesgo,1,28.3,0.006118306,0.98901945,0.004862266
221060002,2015,afectada,afectada,1,62.5,0.06169867,0.0061436594,0.93215764
221080061,2024,afectada,afectada,1,51.0,0.00839257,0.0029797745,0.9886276
231050145,2020,normal,normal,1,24.0,0.53484184,0.43765768,0.027500492
241050067,2015,normal,normal,1,6.3,0.9348184,0.05257817,0.012603384
251150038,2023,riesgo,riesgo,1,27.1,0.015292635,0.9679046,0.016802723
210980206,2021,riesgo,riesgo,1,30.0,0.002443469,0.9957908,0.0017658052
211040003,2025,afectada,afectada,1,128.5,0.0003460105,0.00037620924,0.9992778
241160255,2017,afectada,afectada,1,43.1,0.0031838208,0.035754476,0.9610617
221120045,2021,normal,riesgo,0,20.0,0.0044269855,0.9902507,0.005322259
221060002,2021,riesgo,normal,0,33.0,0.9599431,0.009937131,0.030119713
231070081,2023,afectada,afectada,1,121.0,0.0037612703,0.0048145796,0.99142414
221060002,2021,normal,normal,1,13.0,0.9782146,0.0201764,0.0016090162
231080029,2017,afectada,afectada,1,55.1,0.00010875372,0.00018779364,0.99970347
231030063,2019,afectada,afectada,1,125.0,0.0002582763,0.0005189674,0.99922276
221120045,2023,normal,riesgo,0,16.3,0.16719384,0.82808477,0.0047213677
221080061,2019,afectada,afectada,1,64.3,0.0032373373,0.00023187893,0.99653083
